EventID,SampleID,SampleID_ENA,SiteID,DateTime,Latitude,Longitude,environment_biome,environment_material,environment_feature,ProjectName,MarineRegion,SamplingPlatform,Depth,ProtocolLabel,MaterialSampleID,SamplingCampaign,SAMPLE_Objective,EVENT_Device,EVENT_Method,EVENT_Comment,SAMPLE_Quantity,SAMPLE_FiltrationTime,SAMPLE_Container,SAMPLE_Content,SAMPLE_Size_Fraction_UpperThreshold,SAMPLE_Size_Fraction_LowerThreshold,SAMPLE_Treatment_Chemicals,SAMPLE_Treatment_Storage,Temperature,Salinity,CTD_Conductivity,CTD_Fluorescence,CTD_Depth,SeawaterNutrientsConcentration_Ammonium,SeawaterNutrientsConcentration_Nitrate,SeawaterNutrientsConcentration_Nitrite,SeawaterNutrientsConcentration_Phosphate,SeawaterNutrientsConcentration_Silicate,SeawaterChemicalProperties_pH,SeawaterChemicalProperties_DissolvedOxygenConcentration,SeawaterOpticalProperties_DownwardPAR,SeawaterOpticalProperties_Turbidity,OrganicMatterConcentration_DON,OrganicMatterConcentration_POC,OrganicMatterConcentration_PON,OrganismConcentration_PigmentConcentrations,OrganismConcentration_NanoMicroplakton,ENA_BioSampleID,ENA_BioProjectID_TargetGene18S,ENA_BioProjectID_TargetGeneMG,ENA_BioProjectID_TargetGene16S
OSD1_2018-06,OSD1_2018-06_NPL022_1,OSD1_2018-06_1_NPL022,OSD1,2018-06-18T09:45:00Z,50.25,-4.22,marine biome [ENVO:00000447], sea water [ENVO:00002149], microbial community [PCO:1000004],Ocean Sampling Day,https://www.marineregions.org/gazetteer.php?p=details&id=2389,not provided,2,NPL022,OSD1_2018-06_1_NPL022,OSD-Jun-2018,not provided,CTD Rosette,not provided,not provided,2,not provided,Sterivex,particulate matter,no prefiltration,0.22,no treatment,-80,13.84,35.07,,0.6731,2,,,,,,,-999.999,,0.2653,,,,,,SAMEA7392483,PRJEB40759,,PRJEB40757
OSD100_2018-06,OSD100_2018-06_NPL022_1,OSD100_2018-06_1_NPL022,OSD100,2018-06-21T09:00:00Z,35.35,25.29,marine biome [ENVO:00000447], sea water [ENVO:00002149], microbial community [PCO:1000004],Ocean Sampling Day,https://www.marineregions.org/gazetteer.php?p=details&id=3339,HCMR dinghy boat,1,NPL022,OSD100_2018-06_1_NPL022,OSD-Jun-2018,"surface water sampling (100lt), CTD cost, zooplankton net sampling",Niskin bottles / CTD / zooplankton net,surface water sampling with niskin 100lt CTD cost / vertical sampling zooplankton,not provided,20,60,Corboys,seawater,not provided,0.22,no treatment,-80,24.58,39.18,5.817,,1,,,,,,8.2,,,,,,,,,SAMEA7392454,PRJEB40759,PRJEB40760,PRJEB40757
OSD122_2018-06,OSD122_2018-06_NPL022_1,OSD122_2018-06_1_NPL022,OSD122,2018-06-21T08:01:00Z,29.47,34.93,marine pelagic biome [ENVO:01000023], sea water [ENVO:00002149], microbial community [PCO:1000004],Ocean Sampling Day,https://www.marineregions.org/gazetteer.php?p=details&id=25384,Self-propelled boat. 48182,0,NPL022,OSD122_2018-06_1_NPL022,OSD-Jun-2018,sampling for Prokaryotes,25L Jerrycan,three 25L Jerrycans were deployed by hand from a boat,sampling done at open sea on surface. Water depth at sampling location is 700m,6,79,Sterivex,particulate matter,no prefiltration,0.22,no treatment,-80,26.79,40.64,62.694 mS/cm,,0.5,,,,,,,,,,,,,,,SAMEA7392453,PRJEB40759,PRJEB40760,PRJEB40757
OSD13_2018-06,OSD13_2018-06_NPL022_1,OSD13_2018-06_1_NPL022,OSD13,2018-06-21T11:30:00Z,43.18,27.9,marine biome [ENVO:00000447], sea water [ENVO:00002149], microbial community [PCO:1000004],Ocean Sampling Day,https://www.marineregions.org/gazetteer.php?p=details&id=25202,not provided,0,NPL022,OSD13_2018-06_1_NPL022,OSD-Jun-2018,not provided,not provided,not provided,not provided,1.06,60,Sterivex,particulate matter,no prefiltration,0.22,no treatment,Liquid Nitrogen,25.7,13.8,,,0,,,,,,8.37,,,,,,,,,SAMEA7392479,PRJEB40759,PRJEB40760,PRJEB40757
OSD14_2018-06,OSD14_2018-06_NPL022_1,OSD14_2018-06_1_NPL022,OSD14,2018-06-19T07:30:00Z,42.48,3.14,marine biome [ENVO:00000447], sea water [ENVO:00002149], microbial community [PCO:1000004],Ocean Sampling Day,https://www.marineregions.org/gazetteer.php?p=details&id=25185,not provided,2,NPL022,OSD14_2018-06_1_NPL022,OSD-Jun-2018,frequently monitored coastal lagoons,CTD probe Seabird 19 and 12L Niskin bottle,sampling and sterivex filtration,not provided,3,180,Sterivex,not provided,no prefiltration,0.22,no treatment,-80,19.11,36.73,,,,0.065 micromol/l,0.06 micromol/l,0.02 micromol/l,0.05 micromol/l,1.08 micromol/l,8.022,5.916 mg/l,,,,176.53 micromol/l,29.801 micromol/l,0.879 microg/l,,SAMEA7392478,PRJEB40759,PRJEB40760,PRJEB40757
OSD141_2018-06,OSD141_2018-06_NPL022_1,OSD141_2018-06_1_NPL022,OSD141,2018-06-21T10:30:00Z,60.16,5.12,marine pelagic biome [ENVO:01000023], sea water [ENVO:00002149], microbial community [PCO:1000004],Ocean Sampling Day,https://www.marineregions.org/gazetteer.php?p=details&id=25233,boat,5,NPL022,OSD141_2018-06_1_NPL022,OSD-Jun-2018,not provided,CTD / Niskin bottle,collect sample with a Niskin bottle,not provided,3,60,Sterivex,seawater,not provided,0.22,no treatment,-80,11.9,31.37,31.37,1.55 microg/l,5,,12.5 mg/l,,0.25 mg/l,,8.05,9.29 mg/l,,0.46 FTU,,,,,,SAMEA7392452,PRJEB40759,PRJEB40760,PRJEB40757
OSD152_2018-06,OSD152_2018-06_NPL022_1,OSD152_2018-06_1_NPL022,OSD152,2018-06-20T13:00:00Z,44.69,-63.64,neritic epipelagic zone biome [ENVO:01000042], sea water [ENVO:00002149], microbial community [PCO:1000004],Ocean Sampling Day,https://www.marineregions.org/gazetteer.php?p=details&id=18822,CGS SIGMA T,1,NPL022,OSD152_2018-06_1_NPL022,OSD-Jun-2018,Compass Buoy Station has been sampled weekly since 1992 as parrt of the Bedford Basin monitoring Program,30L Niskin bottle,Niskin deployed via cable Winch,Compass Buoy Station has been sampled weekly since 1992 as part of the Bedford basin monitoring program /filtered peristaltic pump,3.1,24,Sterivex,particulate matter,no prefiltration,0.22,no treatment,-80,11.3,30,7.968 mS/cm,3.4 mg/m3,1,,0.876 microM,,,,8.11,7.539 ml/l,70.351 microE/m2/s,,,,,,,SAMEA7392451,PRJEB40759,PRJEB40760,PRJEB40757
OSD153_2018-06,OSD153_2018-06_NPL022_1,OSD153_2018-06_1_NPL022,OSD153,2018-06-21T10:28:00Z,37,-7.98,marine biome [ENVO:00000447], sea water [ENVO:00002149], microbial community [PCO:1000004],Ocean Sampling Day,https://www.marineregions.org/gazetteer.php?p=details&id=2360,on shore,0,NPL022,OSD153_2018-06_1_NPL022,OSD-Jun-2018,not provided,not provided,not provided,not provided,1.5,40,Sterivex,not provided,not provided,0.22,no treatment,-80,19.1,36,48207 mS/cm,,0.2,,,,,,8.13,84.40%,,,,,,,,SAMEA7392450,PRJEB40759,PRJEB40760,PRJEB40757
OSD159_2018-06,OSD159_2018-06_NPL022_1,OSD159_2018-06_1_NPL022,OSD159,not provided,48.36,-4.55,marine biome [ENVO:00000447], sea water [ENVO:00002149], microbial community [PCO:1000004],Ocean Sampling Day,https://www.marineregions.org/gazetteer.php?p=details&id=8762,not provided,not provided,NPL022,OSD159_2018-06_1_NPL022,OSD-Jun-2018,not provided,not provided,not provided,not provided,not provided,not provided,not provided,not provided,not provided,0.22,no treatment,-80,not provided,not provided,,,,,,,,,,,,,,,,,,SAMEA7392449,PRJEB40759,PRJEB40760,PRJEB40757
OSD17_2018-06,OSD17_2018-06_NPL022_1,OSD17_2018-06_1_NPL022,OSD17,2018-06-20T08:46:08Z,51.43,2.81,marine biome [ENVO:00000447], sea water [ENVO:00002149], microbial community [PCO:1000004],Ocean Sampling Day,https://www.marineregions.org/gazetteer.php?p=details&id=26567,RV Simon Stevin,3,NPL022,OSD17_2018-06_1_NPL022,OSD-Jun-2018,not provided,6 x 5L Niksin bottle mounted on CTD,water is taken from Nisking. Protocol NPL22 is followed,site 330,0.78,not provided,Sterivex in sterile tube,marine sample,no prefiltration,0.22,no treatment,on ship in -24 and after cruise in -86,16.15,32.96,41748.41176 muS/cm,6.223029412 mg/m3,,0.529999971,0.059999999,0.029999999,0.039999999,0.029999999,,,,,,,,,,SAMEA7392477,PRJEB40759,PRJEB40760,PRJEB40757
OSD170_2018-06,OSD170_2018-06_NPL022_1,OSD170_2018-06_1_NPL022,OSD170,2018-06-20T07:05:28Z,51.27,2.91,marine biome [ENVO:00000447], sea water [ENVO:00002149], microbial community [PCO:1000004],Ocean Sampling Day,https://www.marineregions.org/gazetteer.php?p=details&id=26567,RV Simon Stevin,3,NPL022,OSD170_2018-06_1_NPL022,OSD-Jun-2018,not provided,6 x 5L Niksin bottle mounted on CTD,water is taken from Nisking. Protocol NPL22 is followed,site 130,0.48,not provided,Sterivex in sterile tube,marine sample,no prefiltration,0.22,no treatment,on ship in -24 and after cruise in -86,17.08,32.16,41693.5  muS/cm,13.33381429  mg/m3,,2.789999962,1.440000057,0.300000012,0.180000007,0.439999998,,,,,,,,,,SAMEA7392448,PRJEB40759,PRJEB40760,PRJEB40757
OSD171_2018-06,OSD171_2018-06_NPL022_1,OSD171_2018-06_1_NPL022,OSD171,2018-06-20T07:47:03Z,51.31,2.85,marine biome [ENVO:00000447], sea water [ENVO:00002149], microbial community [PCO:1000004],Ocean Sampling Day,https://www.marineregions.org/gazetteer.php?p=details&id=26567,RV Simon Stevin,3,NPL022,OSD171_2018-06_1_NPL022,OSD-Jun-2018,not provided,6 x 5L Niksin bottle mounted on CTD,water is taken from Nisking. Protocol NPL22 is followed,site 230,0.66,not provided,Sterivex in sterile tube,marine sample,no prefiltration,0.22,no treatment,on ship in -24 and after cruise in -86,16.85,32.42,41783.91667  muS/cm,10.46924167  mg/m3,,1.230000019,0.50999999,0.150000006,0.07,0.180000007,,,,,,,,,,SAMEA7392447,PRJEB40759,PRJEB40760,PRJEB40757
OSD175_2018-06,OSD175_2018-06_NPL022_1,OSD175_2018-06_1_NPL022,OSD175,2018-06-20T10:46:48Z,51.33,2.5,marine biome [ENVO:00000447], sea water [ENVO:00002149], microbial community [PCO:1000004],Ocean Sampling Day,https://www.marineregions.org/gazetteer.php?p=details&id=26567,RV Simon Stevin,3,NPL022,OSD175_2018-06_1_NPL022,OSD-Jun-2018,not provided,6 x 5L Niksin bottle mounted on CTD,water is taken from Nisking. Protocol NPL22 is followed,site ZG02,1.02,not provided,Sterivex in sterile tube,marine sample,no prefiltration,0.22,no treatment,on ship in -24 and after cruise in -86,15.59,32.42,42580.16667  muS/cm,1.33605  mg/m3,,0.330000013,0.059999999,0.02,0.02,0.150000006,,,,,,,,,,SAMEA7392446,PRJEB40759,PRJEB40760,PRJEB40757
OSD176_2018-06,OSD176_2018-06_NPL022_1,OSD176_2018-06_1_NPL022,OSD176,2018-06-20T11:36:53Z,51.28,2.61,marine biome [ENVO:00000447], sea water [ENVO:00002149], microbial community [PCO:1000004],Ocean Sampling Day,https://www.marineregions.org/gazetteer.php?p=details&id=26567,RV Simon Stevin,3,NPL022,OSD176_2018-06_1_NPL022,OSD-Jun-2018,not provided,6 x 5L Niksin bottle mounted on CTD,water is taken from Nisking. Protocol NPL22 is followed,site 215,0.9,not provided,Sterivex in sterile tube,marine sample,no prefiltration,0.22,no treatment,on ship in -24 and after cruise in -86,16.24,33.78,42765.4375  muS/cm,1.800025  mg/m3,,0.449999988,0.100000001,0.02,0.029999999,0.109999999,,,,,,,,,,SAMEA7392445,PRJEB40759,PRJEB40760,PRJEB40757
OSD177_2018-06,OSD177_2018-06_NPL022_1,OSD177_2018-06_1_NPL022,OSD177,2018-06-20T12:59:23Z,51.18,2.7,marine biome [ENVO:00000447], sea water [ENVO:00002149], microbial community [PCO:1000004],Ocean Sampling Day,https://www.marineregions.org/gazetteer.php?p=details&id=26567,RV Simon Stevin,3,NPL022,OSD177_2018-06_1_NPL022,OSD-Jun-2018,not provided,6 x 5L Niksin bottle mounted on CTD,water is taken from Nisking. Protocol NPL22 is followed,site 120,0.6,not provided,Sterivex in sterile tube,marine sample,no prefiltration,0.22,no treatment,on ship in -24 and after cruise in -86,17.04,33.31,43000.93333  muS/cm,4.323266667  mg/m3,,0.409999996,0.270000011,0.029999999,0.029999999,0.219999999,,,,,,,,,,SAMEA7392444,PRJEB40759,PRJEB40760,PRJEB40757
OSD178_2018-06,OSD178_2018-06_NPL022_1,OSD178_2018-06_1_NPL022,OSD178,2018-06-25T10:42:51Z,51.58,2.79,marine biome [ENVO:00000447], sea water [ENVO:00002149], microbial community [PCO:1000004],Ocean Sampling Day,https://www.marineregions.org/gazetteer.php?p=details&id=26567,RV Simon Stevin,3,NPL022,OSD178_2018-06_1_NPL022,OSD-Jun-2018,not provided,6 x 5L Niksin bottle mounted on CTD,water is taken from Nisking. Protocol NPL22 is followed,site 435,0.6,not provided,Sterivex in sterile tube,marine sample,no prefiltration,0.22,no treatment,on ship in -24 and after cruise in -86,16.11,33.56,42389.9375  muS/cm,1.00426875  mg/m3,,0.889999986,0.469999999,0.180000007,0.050000001,0.310000002,,,,,,,,,,SAMEA7392443,PRJEB40759,PRJEB40760,PRJEB40757
OSD179_2018-06,OSD179_2018-06_NPL022_1,OSD179_2018-06_1_NPL022,OSD179,2018-06-26T00:31:19Z,51.57,2.26,marine biome [ENVO:00000447], sea water [ENVO:00002149], microbial community [PCO:1000004],Ocean Sampling Day,https://www.marineregions.org/gazetteer.php?p=details&id=26567,RV Simon Stevin,3,NPL022,OSD179_2018-06_1_NPL022,OSD-Jun-2018,not provided,6 x 5L Niksin bottle mounted on CTD,water is taken from Nisking. Protocol NPL22 is followed,site LW01,0.48,not provided,Sterivex in sterile tube,marine sample,no prefiltration,0.22,no treatment,on ship in -24 and after cruise in -86,14.88,34.73,42513  muS/cm,1.222205882 mg/m3,,0.400000006,0.389999986,0.039999999,0.039999999,1.149999976,,,,,,,,,,SAMEA7392442,PRJEB40759,PRJEB40760,PRJEB40757
OSD18_2018-06,OSD18_2018-06_NPL022_1,OSD18_2018-06_1_NPL022,OSD18,2018-06-25T09:45:00Z,35.36,33.3,marine biome [ENVO:00000447], sea water [ENVO:00002149], microbial community [PCO:1000004],Ocean Sampling Day,https://www.marineregions.org/gazetteer.php?p=details&id=25196,RV TEAL Jr,65,NPL022,OSD18_2018-06_1_NPL022,OSD-Jun-2018,not provided,5L Niksin bottle / CTD,10 consecutive Niskin deployed (total:50 lt of sampled seawater),OSD sampling carried out on 25/06/2018 due to local atmospheric conditions,not provided,not provided,not provided,not provided,not provided,0.22,no treatment,not provided,18.41,39.37,5.1444,0.258,65,,,,,,8.069,6.9866,2.04,0.9651,,,,,,SAMEA7392476,PRJEB40759,PRJEB40760,PRJEB40757
OSD180_2018-06,OSD180_2018-06_NPL022_1,OSD180_2018-06_1_NPL022,OSD180,2018-06-25T21:59:09Z,51.8,2.56,marine biome [ENVO:00000447], sea water [ENVO:00002149], microbial community [PCO:1000004],Ocean Sampling Day,https://www.marineregions.org/gazetteer.php?p=details&id=26567,RV Simon Stevin,3,NPL022,OSD180_2018-06_1_NPL022,OSD-Jun-2018,not provided,6 x 5L Niksin bottle mounted on CTD,water is taken from Nisking. Protocol NPL22 is followed,site LW02,0.48,not provided,Sterivex in sterile tube,marine sample,no prefiltration,0.22,no treatment,on ship in -24 and after cruise in -86,14.67,34.7,42266.55556  muS/cm,1.1766  mg/m3,,0.439999998,0.170000002,0.02,0.050000001,0.560000002,,,,,,,,,,SAMEA7392441,PRJEB40759,,PRJEB40757
OSD182_2018-06,OSD182_2018-06_NPL022_1,OSD182_2018-06_1_NPL022,OSD182,2018-06-26T01:27:04Z,51.46,2.35,marine biome [ENVO:00000447], sea water [ENVO:00002149], microbial community [PCO:1000004],Ocean Sampling Day,https://www.marineregions.org/gazetteer.php?p=details&id=26567,RV Simon Stevin,3,NPL022,OSD182_2018-06_1_NPL022,OSD-Jun-2018,not provided,6 x 5L Niksin bottle mounted on CTD,water is taken from Nisking. Protocol NPL22 is followed,site W08,0.48,not provided,Sterivex in sterile tube,marine sample,no prefiltration,0.22,no treatment,on ship in -24 and after cruise in -86,15.42,34.53,42806.83333  muS/cm,2.077466667  mg/m3,,0.49000001,0.270000011,0.029999999,0.02,0.379999995,,,,,,,,,,SAMEA7392440,PRJEB40759,PRJEB40760,PRJEB40757
OSD183_2018-06,OSD183_2018-06_NPL022_1,OSD183_2018-06_1_NPL022,OSD183,2018-06-25T21:10:44Z,51.75,2.7,marine biome [ENVO:00000447], sea water [ENVO:00002149], microbial community [PCO:1000004],Ocean Sampling Day,https://www.marineregions.org/gazetteer.php?p=details&id=26567,RV Simon Stevin,3,NPL022,OSD183_2018-06_1_NPL022,OSD-Jun-2018,not provided,6 x 5L Niksin bottle mounted on CTD,water is taken from Nisking. Protocol NPL22 is followed,site W09,0.42,not provided,Sterivex in sterile tube,marine sample,no prefiltration,0.22,no treatment,on ship in -24 and after cruise in -86,15.09,34.57,42540.5  muS/cm,0.71753125  mg/m3,,0.610000014,0.219999999,0.039999999,0.029999999,0.839999974,,,,,,,,,,SAMEA7392439,PRJEB40759,PRJEB40760,PRJEB40757
OSD184_2018-06,OSD184_2018-06_NPL022_1,OSD184_2018-06_1_NPL022,OSD184,2018-06-25T23:12:24Z,51.68,2.42,marine biome [ENVO:00000447], sea water [ENVO:00002149], microbial community [PCO:1000004],Ocean Sampling Day,https://www.marineregions.org/gazetteer.php?p=details&id=26567,RV Simon Stevin,3,NPL022,OSD184_2018-06_1_NPL022,OSD-Jun-2018,not provided,6 x 5L Niksin bottle mounted on CTD,water is taken from Nisking. Protocol NPL22 is followed,site W10,0.42,not provided,Sterivex in sterile tube,marine sample,no prefiltration,0.22,no treatment,on ship in -24 and after cruise in -86,14.71,34.66,42263.11111  muS/cm,0.973994444  mg/m3,,0.709999979,0.330000013,0.050000001,0.07,0.75999999,,,,,,,,,,SAMEA7392438,PRJEB40759,,PRJEB40757
OSD185_2018-06,OSD185_2018-06_NPL022_1,OSD185_2018-06_1_NPL022,OSD185,2018-06-26T02:04:34Z,51.48,2.45,marine biome [ENVO:00000447], sea water [ENVO:00002149], microbial community [PCO:1000004],Ocean Sampling Day,https://www.marineregions.org/gazetteer.php?p=details&id=26567,RV Simon Stevin,3,NPL022,OSD185_2018-06_1_NPL022,OSD-Jun-2018,not provided,6 x 5L Niksin bottle mounted on CTD,water is taken from Nisking. Protocol NPL22 is followed,site 421,0.42,not provided,Sterivex in sterile tube,marine sample,no prefiltration,0.22,no treatment,on ship in -24 and after cruise in -86,15.76,34.22,42802.91667  muS/cm,3.8874  mg/m3,,0.460000008,0.569999993,0.029999999,0.02,0.059999999,,,,,,,,,,SAMEA7392437,PRJEB40759,PRJEB40760,PRJEB40757
OSD2_2018-06,OSD2_2018-06_NPL022_1,OSD2_2018-06_1_NPL022,OSD2,2018-06-22T12:45:00Z,48.78,-3.94,neritic epipelagic zone biome [ENVO:01000042], sea water [ENVO:00002149], microbial community [PCO:1000004],Ocean Sampling Day,https://www.marineregions.org/gazetteer.php?p=details&id=2389,RV Neomysis,1,NPL022,OSD2_2018-06_1_NPL022,OSD-Jun-2018,not provided,Hand pump,not provided,A few wind and sunny,5.25,50,Sterivex,particulate matter,no prefiltration,0.22,no treatment,-80,13.52,34.94,4.140853,,1,,,,,,7.9404,,1680 photons/m2/sec,,,,,,,SAMEA7392482,PRJEB40759,PRJEB40760,PRJEB40757
OSD210_2018-06,OSD210_2018-06_NPL022_1,OSD210_2018-06_1_NPL022,OSD210,2018-06-21T07:30:00Z,43.11,3.08,coastal wetland ecosystem [ENVO:00000230], sea water [ENVO:00002149], microbial community [PCO:1000004],Ocean Sampling Day,https://www.marineregions.org/gazetteer.php?p=details&id=25185,not provided,0,NPL022,OSD210_2018-06_1_NPL022,OSD-Jun-2018,frequently monitored coastal lagoons,acid washed carboy,sampling and sterivex filtration,not provided,2.8,60,Sterivex,not provided,no prefiltration,0.22,no treatment,-80,25.4,28.5,,,,,0.06 micromol/l,0.07 micromol/l,0.07 micromol/l,4.96 micromol/l,,,,,,,,,,SAMEA7392436,PRJEB40759,PRJEB40760,PRJEB40757
OSD211_2018-06,OSD211_2018-06_NPL022_1,OSD211_2018-06_1_NPL022,OSD211,2018-06-21T08:30:00Z,42.97,3,coastal wetland ecosystem [ENVO:00000230], sea water [ENVO:00002149], microbial community [PCO:1000004],Ocean Sampling Day,https://www.marineregions.org/gazetteer.php?p=details&id=25185,not provided,0,NPL022,OSD211_2018-06_1_NPL022,OSD-Jun-2018,frequently monitored coastal lagoons,not provided,not provided,not provided,1.1,60,Sterivex,not provided,no prefiltration,0.22,no treatment,-80,26.2,14.8,,,,,0.06 micromol/l,0.18 micromol/l,0.15 micromol/l,44.49 micromol/l,,,,,,,,,,SAMEA7392435,PRJEB40759,PRJEB40760,PRJEB40757
OSD212_2018-06,OSD212_2018-06_NPL022_1,OSD212_2018-06_1_NPL022,OSD212,2018-06-21T10:44:00Z,55.73,12.58,marine biome [ENVO:00000447], sea water [ENVO:00002149], microbial community [PCO:1000004],Ocean Sampling Day,https://www.marineregions.org/gazetteer.php?p=details&id=5674,Harbour pier,0,NPL022,OSD212_2018-06_1_NPL022,OSD-Jun-2018,monitoring of often sampled site for isolation of bioactive marine bacteria,Sterile 10L Nalgene carboy,Nalgene carboy was submerged into surface water,windy and water rather clear,0.5,440,Sterivex,particulate matter,no prefiltration,0.22,no treatment,-80,15.9,21,,,0,,,,,,,1.75 mg/l,,,,,,,,SAMEA7392434,PRJEB40759,PRJEB40760,PRJEB40757
OSD214_2018-06,OSD214_2018-06_NPL022_1,OSD214_2018-06_1_NPL022,OSD214,not provided,35.21,-2.85,marine biome [ENVO:00000447], sea water [ENVO:00002149], microbial community [PCO:1000004],Ocean Sampling Day,https://www.marineregions.org/gazetteer.php?p=details&id=25602,not provided,not provided,NPL022,OSD214_2018-06_1_NPL022,OSD-Jun-2018,not provided,5L bucket,the water was collected in a 5L buckets in a specific geolocation using a boat,not provided,not provided,not provided,Cryovial 5ml,particulate matter on a 142 mm PC membrane,no prefiltration,0.22,no treatment,-80,not provided,not provided,,,,,,,,,,,,,,,,,,SAMEA7392433,PRJEB40759,PRJEB40760,PRJEB40757
OSD216_2018-06,OSD216_2018-06_NPL022_1,OSD216_2018-06_1_NPL022,OSD216,2018-06-21T11:00:00Z,43.76,13.21,marine biome [ENVO:00000447], sea water [ENVO:00002149], microbial community [PCO:1000004],Ocean Sampling Day,https://www.marineregions.org/gazetteer.php?p=details&id=25615,Tecnopesca boat,0,NPL022,OSD216_2018-06_1_NPL022,OSD-Jun-2018,not provided,5L Single bottle,Pump,not provided,0.7,20,Sterivex,particulate matter on 0.22microm pore size filter,no prefiltration,0.22,no treatment,-80,not provided,not provided,,,,,,,,,,,,,,,,,,SAMEA7392432,PRJEB40759,PRJEB40760,PRJEB40757
OSD217_2018-06,OSD217_2018-06_NPL022_1,OSD217_2018-06_1_NPL022,OSD217,2018-06-21T13:45:00Z,44.5,-63.52,neritic epipelagic zone biome [ENVO:01000042], sea water [ENVO:00002149], microbial community [PCO:1000004],Ocean Sampling Day,https://www.marineregions.org/gazetteer.php?p=details&id=25356,Dock,0,NPL022,OSD217_2018-06_1_NPL022,OSD-Jun-2018,not provided,OSD 5 galon bucket,collect at surface,filter with syringe,0.85,20,Sterivex,particulate matter,no prefiltration,0.22,no treatment,-80,10,22,,,0,0 ppm,0 ppm,0 ppm,,,8,,,,,,,,,SAMEA7392431,PRJEB40759,PRJEB40760,PRJEB40757
OSD218_2018-06,OSD218_2018-06_NPL022_1,OSD218_2018-06_1_NPL022,OSD218,2018-06-21T13:15:00Z,43.94,-60,neritic epipelagic zone biome [ENVO:01000042], sea water [ENVO:00002149], microbial community [PCO:1000004],Ocean Sampling Day,https://www.marineregions.org/gazetteer.php?p=details&id=18834,Shore,1,NPL022,OSD218_2018-06_1_NPL022,OSD-Jun-2018,not provided,Bucket,Collect at surface (~60 cm depth),filter with syringe,2,106,Sterivex,particulate matter,no prefiltration,0.22,no treatment,-80 and held for 3 days at -20,14,33,,,0,0 ppm,0 ppm,0 ppm,,,8,,,,,,,,,SAMEA7392430,PRJEB40759,,PRJEB40757
OSD219_2018-06,OSD219_2018-06_NPL022_1,OSD219_2018-06_1_NPL022,OSD219,2018-06-21T12:12:00Z,53.24,-9.31,marine biome [ENVO:00000447], sea water [ENVO:00002149], microbial community [PCO:1000004],Ocean Sampling Day,https://www.marineregions.org/gazetteer.php?p=details&id=25361,not provided,0,NPL022,OSD219_2018-06_1_NPL022,OSD-Jun-2018,not provided,Bucket,Suface sample,overcast and northerly breeze,2.5,23,not provided,not provided,not provided,0.22,no treatment,not provided,not provided,not provided,,,,,,,,,,,,,,,,,,SAMEA7392429,PRJEB40759,PRJEB40760,PRJEB40757
OSD22_2018-06,OSD22_2018-06_NPL022_1,OSD22_2018-06_1_NPL022,OSD22,2018-06-20T11:30:00Z,43.24,5.29,marine biome [ENVO:00000447], sea water [ENVO:00002149], microbial community [PCO:1000004],Ocean Sampling Day,https://www.marineregions.org/gazetteer.php?p=details&id=25185,Reasearch boat Antedon II,2,NPL022,OSD22_2018-06_1_NPL022,OSD-Jun-2018,collecting Prokaryotes on 0.22microm pore size filters using Sterivex carbidges,Niskin bottle,not provided,not provided,6,60,Sterivex,particulate matter on the filter,not provided,0.22,no treatment,-80,18.87,38.06,5.098,0.393,2,,,,,,,100.96%,,0.19,,,,,,SAMEA7392475,PRJEB40759,PRJEB40760,PRJEB40757
OSD220_2018-06,OSD220_2018-06_NPL022_1,OSD220_2018-06_1_NPL022,OSD220,2018-06-21T09:40:00Z,42.23,-8.78,temperate marine upwelling biome [ENVO:01000860], sea water [ENVO:00002149], microbial community [PCO:1000004],Ocean Sampling Day,https://www.marineregions.org/gazetteer.php?p=details&id=25366,not provided,1,NPL022,OSD220_2018-06_1_NPL022,OSD-Jun-2018,not provided,not provided,Niskin bottle,not provided,1.4,18,Sterivex,particulate matter,no prefiltration,0.22,no treatment,-80,18.4,35.22,51.37,,1,,,,,,,,,,,,,,,SAMEA7392428,PRJEB40759,PRJEB40760,PRJEB40757
OSD223_2018-06,OSD223_2018-06_NPL022_1,OSD223_2018-06_1_NPL022,OSD223,2018-06-21T13:20:00Z,54.49,18.57,marginal sea biome [ENVO:01000046], sea water [ENVO:00002149], microbial community [PCO:1000004],Ocean Sampling Day,https://www.marineregions.org/gazetteer.php?p=details&id=25674,not provided,0,NPL022,OSD223_2018-06_1_NPL022,OSD-Jun-2018,Prokaryotes,10% acid washed buckets,Filters 1 and 2 with water vacuum pump. Filters 3 and 4 with mechanical vacuum pump,not provided,1.3,30,Sterivex,particulate matter,no prefiltration,0.22,no treatment,-80,18.9,6.6,,,,,,,,,,,,,,,,,,SAMEA7392427,,PRJEB40760,PRJEB40757
OSD227_2018-06,OSD227_2018-06_NPL022_1,OSD227_2018-06_1_NPL022,OSD227,2018-06-21T11:40:00Z,48.67,-3.89,estuarine biome [ENVO:01000020], sea water [ENVO:00002149], microbial community [PCO:1000004],Ocean Sampling Day,https://www.marineregions.org/gazetteer.php?p=details&id=2389,RV Neomysis,1,NPL022,OSD227_2018-06_1_NPL022,OSD-Jun-2018,not provided,Hand pump,not provided,NE wind 25-30km/h sunny all filters are coloured light brown time of filtration (UTC) 13:10,2.76,30,Sterivex,particulate matter,no prefiltration,0.22,no treatment,-80,14.74,34.7,,2.16 microg/l,1.25,,,,,,,,1313 photons/m2/s,,,,,,,SAMEA7392426,PRJEB40759,PRJEB40760,PRJEB40757
OSD228_2018-06,OSD228_2018-06_NPL022_1,OSD228_2018-06_1_NPL022,OSD228,2018-06-21T09:00:00Z,35.46,24.2,marine biome [ENVO:00000447], sea water [ENVO:00002149], microbial community [PCO:1000004],Ocean Sampling Day,https://www.marineregions.org/gazetteer.php?p=details&id=3339,HCMR dinghy boat,not provided,NPL022,OSD228_2018-06_1_NPL022,OSD-Jun-2018,"surface water sampling (100lt), CTD cost, zooplankton net sampling",Niskin bottles / CTD / zooplankton net,surface water sampling with niskin 100lt CTD cost / vertical sampling zooplankton,not provided,not provided,not provided,not provided,particulate matter,no prefiltration,0.22,no treatment,-80,25.35,38.84,,,,,,,,,,,,,,,,,,SAMEA7392425,PRJEB40759,,PRJEB40757
OSD229_2018-06,OSD229_2018-06_NPL022_1,OSD229_2018-06_1_NPL022,OSD229,2018-06-21T09:00:00Z,35.55,24.31,marine biome [ENVO:00000447], sea water [ENVO:00002149], microbial community [PCO:1000004],Ocean Sampling Day,https://www.marineregions.org/gazetteer.php?p=details&id=3339,HCMR dinghy boat,not provided,NPL022,OSD229_2018-06_1_NPL022,OSD-Jun-2018,"surface water sampling (100lt), CTD cost, zooplankton net sampling",Niskin bottles / CTD / zooplankton net,surface water sampling with niskin 100lt CTD cost / vertical sampling zooplankton,not provided,not provided,not provided,not provided,particulate matter,no prefiltration,0.22,no treatment,-80,not provided,not provided,,,,,,,,,,,,,,,,,,SAMEA7392424,PRJEB40759,PRJEB40760,PRJEB40757
OSD231_2018-06,OSD231_2018-06_NPL022_1,OSD231_2018-06_1_NPL022,OSD231,2018-06-21T10:00:00Z,37.87,12.48,marine biome [ENVO:00000447], sea water [ENVO:00002149], microbial community [PCO:1000004],Ocean Sampling Day,https://www.marineregions.org/gazetteer.php?p=details&id=3568,not provided,1,NPL022,OSD231_2018-06_1_NPL022,OSD-Jun-2018,not provided,not provided,not provided,not provided,not provided,40,tube,DNA,no prefiltration,0.22,no treatment,4,not provided,not provided,,,,,,,,,,,,,,,,,,SAMEA7392423,,PRJEB40760,PRJEB40757
OSD232_2018-06,OSD232_2018-06_NPL022_1,OSD232_2018-06_1_NPL022,OSD232,2018-06-21T10:40:00Z,40.8,14.34,marine biome [ENVO:00000447], sea water [ENVO:00002149], microbial community [PCO:1000004],Ocean Sampling Day,https://www.marineregions.org/gazetteer.php?p=details&id=25611,not provided,0,NPL022,OSD232_2018-06_1_NPL022,OSD-Jun-2018,OSD-232-PROK,Boat,sampling water from a boat,water mass very clear. Low content from NW,4,110,Tank,seawater,not provided,0.22,no treatment,-80,25,36.8,55.4 mS/cm,,0.3,,,,,,,,,,,,,,,SAMEA7392422,PRJEB40759,PRJEB40760,PRJEB40757
OSD233_2018-06,OSD233_2018-06_NPL022_1,OSD233_2018-06_1_NPL022,OSD233,2018-06-21T11:00:00Z,38.2,15.57,marine biome [ENVO:00000447], sea water [ENVO:00002149], microbial community [PCO:1000004],Ocean Sampling Day,https://www.marineregions.org/gazetteer.php?p=details&id=3568,not provided,0,NPL022,OSD233_2018-06_1_NPL022,OSD-Jun-2018,not provided,GO-FLO Sampling bottle,not provided,not provided,7.1,55,50ml vials,sterivex,no prefiltration,0.22,no treatment,-80,not provided,not provided,,,,,,,,,,,,,,,,,,SAMEA7392421,PRJEB40759,PRJEB40760,PRJEB40757
OSD24_2018-06,OSD24_2018-06_NPL022_1,OSD24_2018-06_1_NPL022,OSD24,2018-06-21T10:37:00Z,35.19,-2.88,marine biome [ENVO:00000447], sea water [ENVO:00002149], microbial community [PCO:1000004],Ocean Sampling Day,https://www.marineregions.org/gazetteer.php?p=details&id=25602,not provided,1,NPL022,OSD24_2018-06_1_NPL022,OSD-Jun-2018,not provided,5L bucket,the water was collected in a 5L buckets in a specific geolocation using a boat,not provided,1.04,40,Cryovial 5ml,particulate matter on a 142 mm PC membrane,no prefiltration,0.22,no treatment,-80,24,38.2,54 mS/cm,,,,,,30-50,,8,,,3.20 NTU,,,,,,SAMEA7392474,,,PRJEB40757
OSD26_2018-06,OSD26_2018-06_NPL022_1,OSD26_2018-06_1_NPL022,OSD26,2018-06-21T10:45:00Z,35.82,-5.75,marine biome [ENVO:00000447], sea water [ENVO:00002149], microbial community [PCO:1000004],Ocean Sampling Day,https://www.marineregions.org/gazetteer.php?p=details&id=8367,not provided,1,NPL022,OSD26_2018-06_1_NPL022,OSD-Jun-2018,not provided,5L bucket,the water was collected from the coastline in a 5L buckets,not provided,1.5,50,Cryovial 5ml,particulate matter on a 142 mm PC membrane,no prefiltration,0.22,no treatment,-80,24,not provided,11.5 mS/cm,,1,,,,30-50,,8.2,,,6.92 NTU,,,,,,SAMEA7392473,PRJEB40759,PRJEB40760,PRJEB40757
OSD30_2018-06,OSD30_2018-06_NPL022_1,OSD30_2018-06_1_NPL022,OSD30,2018-06-19T09:00:00Z,59.86,23.26,neritic epipelagic zone biome [ENVO:01000042], sea water [ENVO:00002149], microbial community [PCO:1000004],Ocean Sampling Day,https://www.marineregions.org/gazetteer.php?p=details&id=25672,R/V J.A. Palman,1,NPL022,OSD30_2018-06_1_NPL022,OSD-Jun-2018,not provided,2 x 2L Limnos,Limnoses were deployed just below surface with a rope,not provided,0.7,27,Sterivex,not provided,no prefiltration,0.22,no treatment,-80,13.8,5.74,7.96,2.895 mg/m3,1,<2 microg/l,< 3microg/l,<1microg/l,5.4microg/l,185.8 microg/l,8.31,7.3 mg/l,,,,,,,,SAMEA7392472,,,PRJEB40757
OSD39_2018-06,OSD39_2018-06_NPL022_1,OSD39_2018-06_1_NPL022,OSD39,2018-06-21T10:57:00Z,32.75,-79.9,marine biome [ENVO:00000447], sea water [ENVO:00002149], microbial community [PCO:1000004],Ocean Sampling Day,https://www.marineregions.org/gazetteer.php?p=details&id=18952,off cove by S.C. Dept. of Nature Resources,1,NPL022,OSD39_2018-06_1_NPL022,OSD-Jun-2018,not provided,2L Nalgene bottles,Submerged under surface to fill the bottle by hand,Prokaryotic samples,1.1,140,Sterivex,particulate matter on 0.22microm pore size filter,no prefiltration,0.22,no treatment,-80,30.4,22.19,35.431 mS/cm,,1,,,,,,7.65,6.05 mg/l ,,,,,,,,SAMEA7392471,PRJEB40759,PRJEB40760,PRJEB40757
OSD4_2018-06,OSD4_2018-06_NPL022_1,OSD4_2018-06_1_NPL022,OSD4,2018-06-21T13:00:00Z,40.81,14.25,marine biome [ENVO:00000447], sea water [ENVO:00002149], microbial community [PCO:1000004],Ocean Sampling Day,https://www.marineregions.org/gazetteer.php?p=details&id=25611,Hippocampo,0,NPL022,OSD4_2018-06_1_NPL022,OSD-Jun-2018,not provided,Niskin bottle,not provided,not provided,0.67,35,Sterivex,particulate matter on 0.22microm pore size filter,no prefiltration,0.22,no treatment,-80,24.8,36.93,,,,,,,,,,,,,,,,,,SAMEA7392481,PRJEB40759,PRJEB40760,PRJEB40757
OSD43_2018-06,OSD43_2018-06_NPL022_1,OSD43_2018-06_1_NPL022,OSD43,2018-06-21T11:42:00Z,32.87,-117.26,marine biome [ENVO:00000447], sea water [ENVO:00002149], microbial community [PCO:1000004],Ocean Sampling Day,https://www.marineregions.org/gazetteer.php?p=details&id=25365,Pier with bucket,0,NPL022,OSD43_2018-06_1_NPL022,OSD-Jun-2018,OSD2018 samples,acid washed bucket,pile wench,There were divers in the vicinity which is unusual. They could have stirred sediment but not known if they did or not.,2,30,Sterivex,particulate matter on 0.22microm pore size filter,no prefiltration,0.22,no treatment,-80,19.85,34,,,,,,,,,,,,,,,,2.47 mg/m3,,SAMEA7392470,PRJEB40759,PRJEB40760,PRJEB40757
OSD47_2018-06,OSD47_2018-06_NPL022_1,OSD47_2018-06_1_NPL022,OSD47,2018-06-21T10:47:00Z,45.5,12.42,lagoon [ENVO:00000038], sea water [ENVO:00002149], microbial community [PCO:1000004],Ocean Sampling Day,https://www.marineregions.org/gazetteer.php?p=details&id=3611,Unipd Boat,0,NPL022,OSD47_2018-06_1_NPL022,OSD-Jun-2018,not provided,10L bottle,Bottle immersion on sea surface by hand,not provided,0.48,10,Sterivex,particulate matter,no prefiltration,0.22,no treatment,-80,not provided,not provided,,,,,,,,,,,,,,,,,,SAMEA7392469,PRJEB40759,PRJEB40760,PRJEB40757
OSD48_2018-06,OSD48_2018-06_NPL022_1,OSD48_2018-06_1_NPL022,OSD48,2018-06-21T07:25:00Z,45.41,12.53,mediterranean sea biome [ENVO:01000047], sea water [ENVO:00002149], microbial community [PCO:1000004],Ocean Sampling Day,https://www.marineregions.org/gazetteer.php?p=details&id=3610,Unipd Boat,0,NPL022,OSD48_2018-06_1_NPL022,OSD-Jun-2018,not provided,10L bottle,Bottle immersion on sea surface by hand,not provided,0.96,18,Sterivex,particulate matter,no prefiltration,0.22,no treatment,-80,not provided,not provided,,,,,,,,,,,,,,,,,,SAMEA7392468,PRJEB40759,PRJEB40760,PRJEB40757
OSD5_2018-06,OSD5_2018-06_NPL022_1,OSD5_2018-06_1_NPL022,OSD5,2018-06-21T09:00:00Z,35.66,24.99,marine biome [ENVO:00000447], sea water [ENVO:00002149], microbial community [PCO:1000004],Ocean Sampling Day,https://www.marineregions.org/gazetteer.php?p=details&id=3339,HCMR dinghy boat,1,NPL022,OSD5_2018-06_1_NPL022,OSD-Jun-2018,"surface water sampling (100lt), CTD cost, zooplankton net sampling",Niskin bottles / CTD / zooplankton net,surface water sampling with niskin 100lt CTD cost / vertical sampling zooplankton,not provided,not provided,not provided,Sterivex,particulate matter on 47mm 1.2microm pore size polycarbonate filter,no prefiltration,0.22,no treatment,-80,not provided,not provided,,,,,,,,,,,,,,,,,,SAMEA7392480,PRJEB40759,PRJEB40760,PRJEB40757
OSD54_2018-06,OSD54_2018-06_NPL022_1,OSD54_2018-06_1_NPL022,OSD54,2018-06-21T06:25:00Z,43.84,-69.64,marine biome [ENVO:00000447], sea water [ENVO:00002149], microbial community [PCO:1000004],Ocean Sampling Day,https://www.marineregions.org/gazetteer.php?p=details&id=25365,Floating Dock,1,NPL022,OSD54_2018-06_1_NPL022,OSD-Jun-2018,"sampling at 1m from floating dock at Deaprtment of Marine Resources, Maine, USA",5L Niskin bottle,4 X 5L Niskin to fill 20L carboy,Prokaryotic samples (not prefiltered),3.56,50,Sterivex,particulate matter on 0.22microm pore size filter,no prefiltration,0.22,no treatment,-80,12.2,32,,,,,,,,,,,,,,,,,,SAMEA7392467,PRJEB40759,,PRJEB40757
OSD55_2018-06,OSD55_2018-06_NPL022_1,OSD55_2018-06_1_NPL022,OSD55,2018-06-21T06:04:00Z,43.86,-69.58,marine biome [ENVO:00000447], sea water [ENVO:00002149], microbial community [PCO:1000004],Ocean Sampling Day,https://www.marineregions.org/gazetteer.php?p=details&id=25365,Floating Dock,1,NPL022,OSD55_2018-06_1_NPL022,OSD-Jun-2018,sampling at 1m from floating dock at Bigelow Laboratory for Ocean Sciences,2L Niskin bottle,10 X 2L Niskin deployed to fill 20L carboy,Prokaryotic samples (not prefiltered),4,45,Sterivex,particulate matter on 0.22microm pore size filter,no prefiltration,0.22,no treatment,-80,12.2,32,,,,,,,,,,,,,,,,,,SAMEA7392466,PRJEB40759,,PRJEB40757
OSD60_2018-06,OSD60_2018-06_NPL022_1,OSD60_2018-06_1_NPL022,OSD60,2018-06-21T14:20:00Z,32.33,-79.19,marine biome [ENVO:00000447], sea water [ENVO:00002149], microbial community [PCO:1000004],Ocean Sampling Day,https://www.marineregions.org/gazetteer.php?p=details&id=25365,Floating Dock,1,NPL022,OSD60_2018-06_1_NPL022,OSD-Jun-2018,not provided,2L Nalgene bottles,Hand dipped / sumberged under water to fill bottle,Prokaryotic samples,1,37,Sterivex,particulate matter on 0.22microm pore size filter,no prefiltration,0.22,no treatment,-80,28.5,32.56,50.3 mS/cm,,1,,,,,,8.04,6.24 mg/l,,,,,,,,SAMEA7392465,PRJEB40759,PRJEB40760,PRJEB40757
OSD63_2018-06,OSD63_2018-06_NPL022_1,OSD63_2018-06_1_NPL022,OSD63,2018-06-21T09:00:00Z,45.31,12.51,marine biome [ENVO:00000447], sea water [ENVO:00002149], microbial community [PCO:1000004],Ocean Sampling Day,https://www.marineregions.org/gazetteer.php?p=details&id=3610,CNRLITUS Boat,0,NPL022,OSD63_2018-06_1_NPL022,OSD-Jun-2018,not provided,5L Single bottle,not provided,not provided,3.7,60,Sterivex,particulate matter,no prefiltration,0.22,no treatment,-80,25.88,34.86,53.802155 mS/cm,,,,,,,,,5.34575 ml/l,,,,,,,,SAMEA7392464,PRJEB40759,,PRJEB40757
OSD69_2018-06,OSD69_2018-06_NPL022_1,OSD69_2018-06_1_NPL022,OSD69,2018-06-21T13:35:00Z,45.46,12.26,lagoon [ENVO:00000038], sea water [ENVO:00002149], microbial community [PCO:1000004],Ocean Sampling Day,https://www.marineregions.org/gazetteer.php?p=details&id=3611,Unipd Boat,0,NPL022,OSD69_2018-06_1_NPL022,OSD-Jun-2018,not provided,10L bottle,Bottle immersion on sea surface by hand,not provided,0.42,8,Sterivex,particulate matter,no prefiltration,0.22,no treatment,-80,not provided,not provided,,,,,,,,,,,,,,,,,,SAMEA7392463,PRJEB40759,PRJEB40760,PRJEB40757
OSD70_2018-06,OSD70_2018-06_NPL022_1,OSD70_2018-06_1_NPL022,OSD70,2018-06-21T07:01:00Z,45.41,12.44,mediterranean sea biome [ENVO:01000047], sea water [ENVO:00002149], microbial community [PCO:1000004],Ocean Sampling Day,https://www.marineregions.org/gazetteer.php?p=details&id=3610,Unipd Boat,0,NPL022,OSD70_2018-06_1_NPL022,OSD-Jun-2018,not provided,10L bottle,Bottle immersion on sea surface by hand,not provided,1.02,20,Sterivex,particulate matter,no prefiltration,0.22,no treatment,-80,not provided,not provided,,,,,,,,,,,,,,,,,,SAMEA7392462,PRJEB40759,PRJEB40760,PRJEB40757
OSD74_2018-06,OSD74_2018-06_NPL022_1,OSD74_2018-06_1_NPL022,OSD74,2018-06-22T11:15:00Z,41.14,-8.67,estuarine biome [ENVO:01000020], sea water [ENVO:00002149], microbial community [PCO:1000004],Ocean Sampling Day,https://www.marineregions.org/gazetteer.php?p=details&id=25368,not provided,1,NPL022,OSD74_2018-06_1_NPL022,OSD-Jun-2018,OSD investigate ocean microbial diversity,acid washed bucket,Bucket tied with rope,not provided,0.9,94,Sterivex,particulate matter,no prefiltration,0.22,no treatment,-80,20.3,4,,,,,,,,,,,,,,,,,,SAMEA7392461,PRJEB40759,PRJEB40760,PRJEB40757
OSD78_2018-06,OSD78_2018-06_NPL022_1,OSD78_2018-06_1_NPL022,OSD78,2018-06-21T12:00:00Z,43.57,13.6,marine biome [ENVO:00000447], sea water [ENVO:00002149], microbial community [PCO:1000004],Ocean Sampling Day,https://www.marineregions.org/gazetteer.php?p=details&id=25615,not provided,1,NPL022,OSD78_2018-06_1_NPL022,OSD-Jun-2018,OSD-78-PROK,Boat,sampling water from a boat,not provided,1.3,60,Tank,seawater,not provided,0.22,no treatment,not provided,26,31.7,49.5 mS/cm,,1,,,,,,,,,,,,,,,SAMEA7392460,PRJEB40759,PRJEB40760,PRJEB40757
OSD81_2018-06,OSD81_2018-06_NPL022_1,OSD81_2018-06_1_NPL022,OSD81,2018-06-21T10:58:00Z,37.01,-7.97,lagoon [ENVO:00000038], sea water [ENVO:00002149], microbial community [PCO:1000004],Ocean Sampling Day,https://www.marineregions.org/gazetteer.php?p=details&id=5349,Boat (Hossegor),0,NPL022,OSD81_2018-06_1_NPL022,OSD-Jun-2018,not provided,not provided,Protocol NPL022 is followed,not provided,1.6,50,Sterivex,not provided,not provided,0.22,no treatment,-80,20.9,36.18,50.270 mS/cm,,0.2,,,,,,8.19,58.40%,,,,,,,,SAMEA7392459,,PRJEB40760,PRJEB40757
OSD88_2018-06,OSD88_2018-06_NPL022_1,OSD88_2018-06_1_NPL022,OSD88,2018-06-20T08:30:00Z,46.08,-1.31,marine biome [ENVO:00000447], sea water [ENVO:00002149], microbial community [PCO:1000004],Ocean Sampling Day,https://www.marineregions.org/gazetteer.php?p=details&id=25218,research vessel ESTRAN,0,NPL022,OSD88_2018-06_1_NPL022,OSD-Jun-2018,SOMLIT network is a long term monitoring of the physicochemical parameters of the french coastal environment,12L Niskin bottle,two times 12L-Niskin were deployed and poured in 1 bottle 15L nalgene acid washed bottle,tidal range is 5.19m sunny day wind is 2knots direction is NE swell is zero air temperature is 28.9 celcius degree,1.34,60,Sterivex,particulate matter,no prefiltration,0.22,no treatment,-80,not provided,not provided,,,,,,,,,,,,,,,,,,SAMEA7392458,PRJEB40759,PRJEB40760,PRJEB40757
OSD91_2018-06,OSD91_2018-06_NPL022_1,OSD91_2018-06_1_NPL022,OSD91,2018-06-21T10:15:00Z,32.74,-9.04,marine biome [ENVO:00000447], sea water [ENVO:00002149], microbial community [PCO:1000004],Ocean Sampling Day,https://www.marineregions.org/gazetteer.php?p=details&id=25322,not provided,1,NPL022,OSD91_2018-06_1_NPL022,OSD-Jun-2018,not provided,5L bucket,the water was collected from an exact geolocation in a 5L buckets,not provided,1.5,40,Cryovial 5ml,particulate matter on a 142 mm PC membrane,no prefiltration,0.22,no treatment,-80,19,not provided,53.2 mS/cm,,1,,,,30-50,,8,,,5.32 NTU,,,,,,SAMEA7392457,PRJEB40759,PRJEB40760,PRJEB40757
OSD93_2018-06,OSD93_2018-06_NPL022_1,OSD93_2018-06_1_NPL022,OSD93,2018-06-21T12:00:00Z,33.25,-8.48,marine biome [ENVO:00000447], sea water [ENVO:00002149], microbial community [PCO:1000004],Ocean Sampling Day,https://www.marineregions.org/gazetteer.php?p=details&id=25322,not provided,1,NPL022,OSD93_2018-06_1_NPL022,OSD-Jun-2018,not provided,5L bucket,the water was collected from a specific geolocation in a 5L buckets,not provided,1.4,40,Cryovial 5ml,particulate matter on a 142 mm PC membrane,no prefiltration,0.22,no treatment,-80,24,not provided,48 mS/cm,,1,,,,30-50,,8,,,6.32 NTU,,,,,,SAMEA7392456,PRJEB40759,PRJEB40760,PRJEB40757
