EventID,SampleID,SampleID_ENA,SiteID,DateTime,Latitude,Longitude,environment (biome),environment (material),environment (feature),project name,Marine Region,Sampling Platform,Depth,Depth_unit,Depth_flag,Protocol Label,Sampling Campaign,SAMPLE_Objective,EVENT_Device,EVENT_Method,EVENT_Comment,SAMPLE_Quantity,SAMPLE_Quantity_unit,SAMPLE_Quantity_flag,SAMPLE_FiltrationTime,SAMPLE_FiltrationTime_unit,SAMPLE_FiltrationTime_flag,SAMPLE_Container,SAMPLE_Content,SAMPLE_Size-Fraction_UpperThreshold,SAMPLE_Size-Fraction_LowerThreshold,SAMPLE_Size-Fraction_LowerThreshold_unit,SAMPLE_Size-Fraction_LowerThreshold_flag,SAMPLE_Treatment_Chemicals,SAMPLE_Treatment_Storage,Temperature,Temperature_unit,Temperature_flag,Salinity,Salinity_unit,Salinity_flag,CTD_Conductivity,CTD_Conductivity_unit,CTD_Conductivity_flag,CTD_Fluorescence,CTD_Fluorescence_unit,CTD_Fluorescence_flag,CTD_Depth,CTD_Depth_unit,CTD_Depth_flag,Seawater Nutrients Concentration_Ammonium,Seawater Nutrients Concentration_Ammonium_unit,Seawater Nutrients Concentration_Ammonium_flag,Seawater Nutrients Concentration_Nitrate,Seawater Nutrients Concentration_Nitrate_unit,Seawater Nutrients Concentration_Nitrate_flag,Seawater Nutrients Concentration_Nitrite,Seawater Nutrients Concentration_Nitrite_unit,Seawater Nutrients Concentration_Nitrite_flag,Seawater Nutrients Concentration_Phosphate,Seawater Nutrients Concentration_Phosphate_unit,Seawater Nutrients Concentration_Phosphate_flag,Seawater Nutrients Concentration_Silicate,Seawater Nutrients Concentration_Silicate_unit,Seawater Nutrients Concentration_Silicate_flag,Seawater Chemical Properties_pH,Seawater Chemical Properties_pH_unit,Seawater Chemical Properties_pH_flag,Seawater Chemical Properties_Dissolved Oxygen concentration,Seawater Chemical Properties_Dissolved Oxygen concentration_unit,Seawater Chemical Properties_Dissolved Oxygen concentration_flag,Seawater Optical Properties_Downward PAR,Seawater Optical Properties_Downward PAR_unit,Seawater Optical Properties_Downward PAR_flag,Seawater Optical Properties_Turbidity,Seawater Optical Properties_Turbidity_unit,Seawater Optical Properties_Turbidity_flag,Organic Matter Concentration (Amount or Mass)_DON,Organic Matter Concentration (Amount or Mass)_DON_unit,Organic Matter Concentration (Amount or Mass)_DON_flag,Organic Matter Concentration (Amount or Mass)_POC,Organic Matter Concentration (Amount or Mass)_POC_unit,Organic Matter Concentration (Amount or Mass)_POC_flag,Organic Matter Concentration (Amount or Mass)_PON,Organic Matter Concentration (Amount or Mass)_PON_unit,Organic Matter Concentration (Amount or Mass)_PON_flag,Organism Concentration (Amount Volume or Mass)_Pigment concentrations,Organism Concentration (Amount Volume or Mass)_Pigment concentrations_unit,Organism Concentration (Amount Volume or Mass)_Pigment concentrations_flag,Organism Concentration (Amount Volume or Mass)_Nano/Microplankton,Organism Concentration (Amount Volume or Mass)_Nano/Microplankton_unit,Organism Concentration (Amount Volume or Mass)_Nano/Microplankton_flag,ENA_BioSampleID,ENA_BioProjectID_TargetGene18S,ENA_BioProjectID_TargetGeneMG,ENA_BioProjectID_TargetGene16S
OSD1_2018-06,OSD1_2018-06_NPL022_1,OSD1_2018-06_1_NPL022,OSD1,2018-06-18T09:45:00Z,50.2505,-4.2201,marine biome [ENVO:00000447], sea water [ENVO:00002149], microbial community [PCO:1000004],Ocean Sampling Day,https://www.marineregions.org/gazetteer.php?p=details&id=2389,not provided,2,m,,NPL022,OSD-Jun-2018,not provided,CTD Rosette,not provided,not provided,2,l,,not provided,not provided,,Sterivex,particulate matter,no prefiltration,0.22,microns,,no treatment,-80,13.84,centigrade,,35.07,PSU,,not provided,not provided,,0.6731,volts, ,2,m,,not provided,not provided,,,,,not provided,not provided,,not provided,not provided,,not provided,not provided,,not provided,not provided,,-999.999,micromol/kg,uncertain value,not provided,not provided,,0.2653,FTU,,not provided,not provided,,not provided,not provided,,not provided,not provided,,not provided,not provided,,not provided,not provided,,SAMEA7392483,to be added,not provided,PRJEB40757
OSD100_2018-06,OSD100_2018-06_NPL022_1,OSD100_2018-06_1_NPL022,OSD100,2018-06-21T09:00:00Z,35.35,25.29,marine biome [ENVO:00000447], sea water [ENVO:00002149], microbial community [PCO:1000004],Ocean Sampling Day,https://www.marineregions.org/gazetteer.php?p=details&id=3339,HCMR dinghy boat,1,m,,NPL022,OSD-Jun-2018,surface water sampling (100lt) CTD cost zooplankton net sampling,Niskin bottles / CTD / zooplankton net,surface water sampling with niskin 100lt CTD cost / vertical sampling zooplankton,not provided,20,l,,60,min,,Corboys,seawater,not provided,0.22,microns,,no treatment,-80,24.58,centigrade,,39.18,PSU,,40.5,mS/cm,,not provided,not provided, ,1,m,,not provided,not provided,,,,,not provided,not provided,,not provided,not provided,,not provided,not provided,,8.2,dimensionless,,not provided,not provided,,not provided,not provided,,not provided,not provided,,not provided,not provided,,not provided,not provided,,not provided,not provided,,not provided,not provided,,not provided,not provided,,SAMEA7392454,to be added,PRJEB40760,PRJEB40757
OSD122_2018-06,OSD122_2018-06_NPL022_1,OSD122_2018-06_1_NPL022,OSD122,2018-06-21T08:01:00Z,29.4661,34.9282,marine pelagic biome [ENVO:01000023], sea water [ENVO:00002149], microbial community [PCO:1000004],Ocean Sampling Day,https://www.marineregions.org/gazetteer.php?p=details&id=25384,Self-propelled boat. 48182,0,m,,NPL022,OSD-Jun-2018,sampling for Prokaryotes,25L Jerrycan,three 25L Jerrycans were deployed by hand from a boat,sampling done at open sea on surface. Water depth at sampling location is 700m,6,l,,79,min,,Sterivex,particulate matter,no prefiltration,0.22,microns,,no treatment,-80,26.79,centigrade,,40.64,PSU,,62.694,mS/cm,,not provided,not provided,,0.5,m,,not provided,not provided,,,,,not provided,not provided,,not provided,not provided,,not provided,not provided,,not provided,not provided,,not provided,not provided,,not provided,not provided,,not provided,not provided,,not provided,not provided,,not provided,not provided,,not provided,not provided,,not provided,not provided,,not provided,not provided,,SAMEA7392453,to be added,PRJEB40760,PRJEB40757
OSD13_2018-06,OSD13_2018-06_NPL022_1,OSD13_2018-06_1_NPL022,OSD13,2018-06-21T11:30:00Z,43.1838,27.9004,marine biome [ENVO:00000447], sea water [ENVO:00002149], microbial community [PCO:1000004],Ocean Sampling Day,https://www.marineregions.org/gazetteer.php?p=details&id=25202,not provided,0,m,,NPL022,OSD-Jun-2018,not provided,not provided,not provided,not provided,1.06,l,,60,min,,Sterivex,particulate matter,no prefiltration,0.22,microns,,no treatment,Liquid Nitrogen,25.7,centigrade,,13.8,PSU,,not provided,not provided,,not provided,not provided,,0,m,,not provided,not provided,,,,,not provided,not provided,,not provided,not provided,,not provided,not provided,,8.37,dimensionless,,not provided,not provided,,not provided,not provided,,not provided,not provided,,not provided,not provided,,not provided,not provided,,not provided,not provided,,not provided,not provided,,not provided,not provided,,SAMEA7392479,to be added,PRJEB40760,PRJEB40757
OSD14_2018-06,OSD14_2018-06_NPL022_1,OSD14_2018-06_1_NPL022,OSD14,2018-06-19T07:30:00Z,42.484,3.135,marine biome [ENVO:00000447], sea water [ENVO:00002149], microbial community [PCO:1000004],Ocean Sampling Day,https://www.marineregions.org/gazetteer.php?p=details&id=25185,not provided,2,m,,NPL022,OSD-Jun-2018,frequently monitored coastal lagoons,CTD probe Seabird 19 and 12L Niskin bottle,sampling and sterivex filtration,not provided,3,l,,180,min,,Sterivex,not provided,no prefiltration,0.22,microns,,no treatment,-80,19.11,centigrade,,36.73,PSU,,not provided,not provided,,not provided,not provided,,not provided,not provided,,0.065,micromol/l,,0.06,micromol/l,,0.02,micromol/l,,0.05,micromol/l,,1.08,micromol/l,,8.022,dimensionless,,5.916,mg/l,Given unit does not match required unit.,not provided,not provided,,not provided,not provided,,not provided,not provided,,176.53,micromol/l,Given unit does not match required unit.,29.801,micromol/l,Given unit does not match required unit.,0.879,microg/l,Given unit does not match required unit.,not provided,not provided,,SAMEA7392478,to be added,PRJEB40760,PRJEB40757
OSD141_2018-06,OSD141_2018-06_NPL022_1,OSD141_2018-06_1_NPL022,OSD141,2018-06-21T10:30:00Z,60.1612,5.115,marine pelagic biome [ENVO:01000023], sea water [ENVO:00002149], microbial community [PCO:1000004],Ocean Sampling Day,https://www.marineregions.org/gazetteer.php?p=details&id=25233,boat,5,m,,NPL022,OSD-Jun-2018,not provided,CTD / Niskin bottle,collect sample with a Niskin bottle,not provided,3,l,,60,min,,Sterivex,seawater,not provided,0.22,microns,,no treatment,-80,11.9,centigrade,,31.37,PSU,,31.37,mS/cm,,1.55,microg/l,Given unit does not match required unit.,5,m,,not provided,not provided,,12.5,mg/l,Given unit does not match required unit.,not provided,not provided,,0.25,mg/l,Given unit does not match required unit.,not provided,not provided,,8.05,dimensionless,,9.29,mg/l,Given unit does not match required unit.,not provided,not provided,,0.46,FTU,,not provided,not provided,,not provided,not provided,,not provided,not provided,,not provided,not provided,,not provided,not provided,,SAMEA7392452,to be added,PRJEB40760,PRJEB40757
OSD152_2018-06,OSD152_2018-06_NPL022_1,OSD152_2018-06_1_NPL022,OSD152,2018-06-20T13:00:00Z,44.6936,-63.6403,neritic epipelagic zone biome [ENVO:01000042], sea water [ENVO:00002149], microbial community [PCO:1000004],Ocean Sampling Day,https://www.marineregions.org/gazetteer.php?p=details&id=18822,CGS SIGMA T,1,m,,NPL022,OSD-Jun-2018,Compass Buoy Station has been sampled weekly since 1992 as parrt of the Bedford Basin monitoring Program,30L Niskin bottle,Niskin deployed via cable Winch,Compass Buoy Station has been sampled weekly since 1992 as part of the Bedford basin monitoring program /filtered peristaltic pump,3.1,l,,24,min,,Sterivex,particulate matter,no prefiltration,0.22,microns,,no treatment,-80,11.3,centigrade,,30,PSU,,7.968,mS/cm,,3.4,mg/m3,Given unit does not match required unit.,1,m,,not provided,not provided,,0.876,microM,Given unit does not match required unit.,not provided,not provided,,not provided,not provided,,not provided,not provided,,8.11,dimensionless,,7.539,ml/l,Given unit does not match required unit.,70.351,microE/m^2/s,,not provided,not provided,,not provided,not provided,,not provided,not provided,,not provided,not provided,,not provided,not provided,,not provided,not provided,,SAMEA7392451,to be added,PRJEB40760,PRJEB40757
OSD153_2018-06,OSD153_2018-06_NPL022_1,OSD153_2018-06_1_NPL022,OSD153,2018-06-21T10:28:00Z,36.9978,-7.9817,marine biome [ENVO:00000447], sea water [ENVO:00002149], microbial community [PCO:1000004],Ocean Sampling Day,https://www.marineregions.org/gazetteer.php?p=details&id=2360,on shore,0,m,,NPL022,OSD-Jun-2018,not provided,not provided,not provided,not provided,1.5,l,,40,min,,Sterivex,not provided,not provided,0.22,microns,,no treatment,-80,19.1,centigrade,,36,PSU,,48207,mS/cm,,not provided,not provided,,0.2,m,,not provided,not provided,,,,,not provided,not provided,,not provided,not provided,,not provided,not provided,,8.13,dimensionless,,84.4,%,Given unit does not match required unit.,not provided,not provided,,not provided,not provided,,not provided,not provided,,not provided,not provided,,not provided,not provided,,not provided,not provided,,not provided,not provided,,SAMEA7392450,to be added,PRJEB40760,PRJEB40757
OSD159_2018-06,OSD159_2018-06_NPL022_1,OSD159_2018-06_1_NPL022,OSD159,not provided,48.359,-4.552,marine biome [ENVO:00000447], sea water [ENVO:00002149], microbial community [PCO:1000004],Ocean Sampling Day,https://www.marineregions.org/gazetteer.php?p=details&id=8762,not provided,not provided,not provided,,NPL022,OSD-Jun-2018,not provided,not provided,not provided,not provided,not provided,not provided,,not provided,not provided,,not provided,not provided,not provided,0.22,microns,,no treatment,-80,not provided,not provided,,not provided,not provided,,not provided,not provided,,not provided,not provided,,not provided,not provided,,not provided,not provided,,,,,not provided,not provided,,not provided,not provided,,not provided,not provided,,not provided,not provided,,not provided,not provided,,not provided,not provided,,not provided,not provided,,not provided,not provided,,not provided,not provided,,not provided,not provided,,not provided,not provided,,not provided,not provided,,SAMEA7392449,to be added,PRJEB40760,PRJEB40757
OSD17_2018-06,OSD17_2018-06_NPL022_1,OSD17_2018-06_1_NPL022,OSD17,2018-06-20T08:46:08Z,51.4335,2.8082,marine biome [ENVO:00000447], sea water [ENVO:00002149], microbial community [PCO:1000004],Ocean Sampling Day,https://www.marineregions.org/gazetteer.php?p=details&id=26567,RV Simon Stevin,3,m,,NPL022,OSD-Jun-2018,not provided,6 x 5L Niksin bottle mounted on CTD,water is taken from Nisking. Protocol NPL22 is followed,site 330,0.78,l,,not provided,not provided,,Sterivex in sterile tube,marine sample,no prefiltration,0.22,microns,,no treatment,on ship in -24 and after cruise in -86,16.15,centigrade,,32.96,PSU,,41748.41176,microS/cm,Given unit does not match required unit.,6.223029412,mg/m3,Given unit does not match required unit.,not provided,not provided,,0.529999971,micromol/l,,0.059999999,micromol/l,,0.029999999,micromol/l,,0.039999999,micromol/l,,0.029999999,micromol/l,,not provided,not provided,,not provided,not provided,,not provided,not provided,,not provided,not provided,,not provided,not provided,,not provided,not provided,,not provided,not provided,,not provided,not provided,,not provided,not provided,,SAMEA7392477,to be added,PRJEB40760,PRJEB40757
OSD170_2018-06,OSD170_2018-06_NPL022_1,OSD170_2018-06_1_NPL022,OSD170,2018-06-20T07:05:28Z,51.2706,2.9064,marine biome [ENVO:00000447], sea water [ENVO:00002149], microbial community [PCO:1000004],Ocean Sampling Day,https://www.marineregions.org/gazetteer.php?p=details&id=26567,RV Simon Stevin,3,m,,NPL022,OSD-Jun-2018,not provided,6 x 5L Niksin bottle mounted on CTD,water is taken from Nisking. Protocol NPL22 is followed,site 130,0.48,l,,not provided,not provided,,Sterivex in sterile tube,marine sample,no prefiltration,0.22,microns,,no treatment,on ship in -24 and after cruise in -86,17.08,centigrade,,32.16,PSU,,41693.5,microS/cm,Given unit does not match required unit.,13.33381429,mg/m3,Given unit does not match required unit.,not provided,not provided,,2.789999962,micromol/l,,1.440000057,micromol/l,,0.300000012,micromol/l,,0.180000007,micromol/l,,0.439999998,micromol/l,,not provided,not provided,,not provided,not provided,,not provided,not provided,,not provided,not provided,,not provided,not provided,,not provided,not provided,,not provided,not provided,,not provided,not provided,,not provided,not provided,,SAMEA7392448,to be added,PRJEB40760,PRJEB40757
OSD171_2018-06,OSD171_2018-06_NPL022_1,OSD171_2018-06_1_NPL022,OSD171,2018-06-20T07:47:03Z,51.3085,2.8508,marine biome [ENVO:00000447], sea water [ENVO:00002149], microbial community [PCO:1000004],Ocean Sampling Day,https://www.marineregions.org/gazetteer.php?p=details&id=26567,RV Simon Stevin,3,m,,NPL022,OSD-Jun-2018,not provided,6 x 5L Niksin bottle mounted on CTD,water is taken from Nisking. Protocol NPL22 is followed,site 230,0.66,l,,not provided,not provided,,Sterivex in sterile tube,marine sample,no prefiltration,0.22,microns,,no treatment,on ship in -24 and after cruise in -86,16.85,centigrade,,32.42,PSU,,41783.91667,microS/cm,Given unit does not match required unit.,10.46924167,mg/m3,Given unit does not match required unit.,not provided,not provided,,1.230000019,micromol/l,,0.50999999,micromol/l,,0.150000006,micromol/l,,0.07,micromol/l,,0.180000007,micromol/l,,not provided,not provided,,not provided,not provided,,not provided,not provided,,not provided,not provided,,not provided,not provided,,not provided,not provided,,not provided,not provided,,not provided,not provided,,not provided,not provided,,SAMEA7392447,to be added,PRJEB40760,PRJEB40757
OSD175_2018-06,OSD175_2018-06_NPL022_1,OSD175_2018-06_1_NPL022,OSD175,2018-06-20T10:46:48Z,51.3336,2.499,marine biome [ENVO:00000447], sea water [ENVO:00002149], microbial community [PCO:1000004],Ocean Sampling Day,https://www.marineregions.org/gazetteer.php?p=details&id=26567,RV Simon Stevin,3,m,,NPL022,OSD-Jun-2018,not provided,6 x 5L Niksin bottle mounted on CTD,water is taken from Nisking. Protocol NPL22 is followed,site ZG02,1.02,l,,not provided,not provided,,Sterivex in sterile tube,marine sample,no prefiltration,0.22,microns,,no treatment,on ship in -24 and after cruise in -86,15.59,centigrade,,32.42,PSU,,42580.16667,microS/cm,Given unit does not match required unit.,1.33605,mg/m3,Given unit does not match required unit.,not provided,not provided,,0.330000013,micromol/l,,0.059999999,micromol/l,,0.02,micromol/l,,0.02,micromol/l,,0.150000006,micromol/l,,not provided,not provided,,not provided,not provided,,not provided,not provided,,not provided,not provided,,not provided,not provided,,not provided,not provided,,not provided,not provided,,not provided,not provided,,not provided,not provided,,SAMEA7392446,to be added,PRJEB40760,PRJEB40757
OSD176_2018-06,OSD176_2018-06_NPL022_1,OSD176_2018-06_1_NPL022,OSD176,2018-06-20T11:36:53Z,51.277,2.612,marine biome [ENVO:00000447], sea water [ENVO:00002149], microbial community [PCO:1000004],Ocean Sampling Day,https://www.marineregions.org/gazetteer.php?p=details&id=26567,RV Simon Stevin,3,m,,NPL022,OSD-Jun-2018,not provided,6 x 5L Niksin bottle mounted on CTD,water is taken from Nisking. Protocol NPL22 is followed,site 215,0.9,l,,not provided,not provided,,Sterivex in sterile tube,marine sample,no prefiltration,0.22,microns,,no treatment,on ship in -24 and after cruise in -86,16.24,centigrade,,33.78,PSU,,42765.4375,microS/cm,Given unit does not match required unit.,1.800025,mg/m3,Given unit does not match required unit.,not provided,not provided,,0.449999988,micromol/l,,0.100000001,micromol/l,,0.02,micromol/l,,0.029999999,micromol/l,,0.109999999,micromol/l,,not provided,not provided,,not provided,not provided,,not provided,not provided,,not provided,not provided,,not provided,not provided,,not provided,not provided,,not provided,not provided,,not provided,not provided,,not provided,not provided,,SAMEA7392445,to be added,PRJEB40760,PRJEB40757
OSD177_2018-06,OSD177_2018-06_NPL022_1,OSD177_2018-06_1_NPL022,OSD177,2018-06-20T12:59:23Z,51.1832,2.7011,marine biome [ENVO:00000447], sea water [ENVO:00002149], microbial community [PCO:1000004],Ocean Sampling Day,https://www.marineregions.org/gazetteer.php?p=details&id=26567,RV Simon Stevin,3,m,,NPL022,OSD-Jun-2018,not provided,6 x 5L Niksin bottle mounted on CTD,water is taken from Nisking. Protocol NPL22 is followed,site 120,0.6,l,,not provided,not provided,,Sterivex in sterile tube,marine sample,no prefiltration,0.22,microns,,no treatment,on ship in -24 and after cruise in -86,17.04,centigrade,,33.31,PSU,,43000.93333,microS/cm,Given unit does not match required unit.,4.323266667,mg/m3,Given unit does not match required unit.,not provided,not provided,,0.409999996,micromol/l,,0.270000011,micromol/l,,0.029999999,micromol/l,,0.029999999,micromol/l,,0.219999999,micromol/l,,not provided,not provided,,not provided,not provided,,not provided,not provided,,not provided,not provided,,not provided,not provided,,not provided,not provided,,not provided,not provided,,not provided,not provided,,not provided,not provided,,SAMEA7392444,to be added,PRJEB40760,PRJEB40757
OSD178_2018-06,OSD178_2018-06_NPL022_1,OSD178_2018-06_1_NPL022,OSD178,2018-06-25T10:42:51Z,51.583,2.7942,marine biome [ENVO:00000447], sea water [ENVO:00002149], microbial community [PCO:1000004],Ocean Sampling Day,https://www.marineregions.org/gazetteer.php?p=details&id=26567,RV Simon Stevin,3,m,,NPL022,OSD-Jun-2018,not provided,6 x 5L Niksin bottle mounted on CTD,water is taken from Nisking. Protocol NPL22 is followed,site 435,0.6,l,,not provided,not provided,,Sterivex in sterile tube,marine sample,no prefiltration,0.22,microns,,no treatment,on ship in -24 and after cruise in -86,16.11,centigrade,,33.56,PSU,,42389.9375,microS/cm,Given unit does not match required unit.,1.00426875,mg/m3,Given unit does not match required unit.,not provided,not provided,,0.889999986,micromol/l,,0.469999999,micromol/l,,0.180000007,micromol/l,,0.050000001,micromol/l,,0.310000002,micromol/l,,not provided,not provided,,not provided,not provided,,not provided,not provided,,not provided,not provided,,not provided,not provided,,not provided,not provided,,not provided,not provided,,not provided,not provided,,not provided,not provided,,SAMEA7392443,to be added,PRJEB40760,PRJEB40757
OSD179_2018-06,OSD179_2018-06_NPL022_1,OSD179_2018-06_1_NPL022,OSD179,2018-06-26T00:31:19Z,51.5697,2.2573,marine biome [ENVO:00000447], sea water [ENVO:00002149], microbial community [PCO:1000004],Ocean Sampling Day,https://www.marineregions.org/gazetteer.php?p=details&id=26567,RV Simon Stevin,3,m,,NPL022,OSD-Jun-2018,not provided,6 x 5L Niksin bottle mounted on CTD,water is taken from Nisking. Protocol NPL22 is followed,site LW01,0.48,l,,not provided,not provided,,Sterivex in sterile tube,marine sample,no prefiltration,0.22,microns,,no treatment,on ship in -24 and after cruise in -86,14.88,centigrade,,34.73,PSU,,42513,microS/cm,Given unit does not match required unit.,1.222205882,mg/m3,Given unit does not match required unit.,not provided,not provided,,0.400000006,micromol/l,,0.389999986,micromol/l,,0.039999999,micromol/l,,0.039999999,micromol/l,,1.149999976,micromol/l,,not provided,not provided,,not provided,not provided,,not provided,not provided,,not provided,not provided,,not provided,not provided,,not provided,not provided,,not provided,not provided,,not provided,not provided,,not provided,not provided,,SAMEA7392442,to be added,PRJEB40760,PRJEB40757
OSD180_2018-06,OSD180_2018-06_NPL022_1,OSD180_2018-06_1_NPL022,OSD180,2018-06-25T21:59:09Z,51.7999,2.5569,marine biome [ENVO:00000447], sea water [ENVO:00002149], microbial community [PCO:1000004],Ocean Sampling Day,https://www.marineregions.org/gazetteer.php?p=details&id=26567,RV Simon Stevin,3,m,,NPL022,OSD-Jun-2018,not provided,6 x 5L Niksin bottle mounted on CTD,water is taken from Nisking. Protocol NPL22 is followed,site LW02,0.48,l,,not provided,not provided,,Sterivex in sterile tube,marine sample,no prefiltration,0.22,microns,,no treatment,on ship in -24 and after cruise in -86,14.67,centigrade,,34.7,PSU,,42266.55556,microS/cm,Given unit does not match required unit.,1.1766,mg/m3,Given unit does not match required unit.,not provided,not provided,,0.439999998,micromol/l,,0.170000002,micromol/l,,0.02,micromol/l,,0.050000001,micromol/l,,0.560000002,micromol/l,,not provided,not provided,,not provided,not provided,,not provided,not provided,,not provided,not provided,,not provided,not provided,,not provided,not provided,,not provided,not provided,,not provided,not provided,,not provided,not provided,,SAMEA7392441,to be added,not provided,PRJEB40757
OSD182_2018-06,OSD182_2018-06_NPL022_1,OSD182_2018-06_1_NPL022,OSD182,2018-06-26T01:27:04Z,51.4601,2.3519,marine biome [ENVO:00000447], sea water [ENVO:00002149], microbial community [PCO:1000004],Ocean Sampling Day,https://www.marineregions.org/gazetteer.php?p=details&id=26567,RV Simon Stevin,3,m,,NPL022,OSD-Jun-2018,not provided,6 x 5L Niksin bottle mounted on CTD,water is taken from Nisking. Protocol NPL22 is followed,site W08,0.48,l,,not provided,not provided,,Sterivex in sterile tube,marine sample,no prefiltration,0.22,microns,,no treatment,on ship in -24 and after cruise in -86,15.42,centigrade,,34.53,PSU,,42806.83333,microS/cm,Given unit does not match required unit.,2.077466667,mg/m3,Given unit does not match required unit.,not provided,not provided,,0.49000001,micromol/l,,0.270000011,micromol/l,,0.029999999,micromol/l,,0.02,micromol/l,,0.379999995,micromol/l,,not provided,not provided,,not provided,not provided,,not provided,not provided,,not provided,not provided,,not provided,not provided,,not provided,not provided,,not provided,not provided,,not provided,not provided,,not provided,not provided,,SAMEA7392440,to be added,PRJEB40760,PRJEB40757
OSD183_2018-06,OSD183_2018-06_NPL022_1,OSD183_2018-06_1_NPL022,OSD183,2018-06-25T21:10:44Z,51.7482,2.7011,marine biome [ENVO:00000447], sea water [ENVO:00002149], microbial community [PCO:1000004],Ocean Sampling Day,https://www.marineregions.org/gazetteer.php?p=details&id=26567,RV Simon Stevin,3,m,,NPL022,OSD-Jun-2018,not provided,6 x 5L Niksin bottle mounted on CTD,water is taken from Nisking. Protocol NPL22 is followed,site W09,0.42,l,,not provided,not provided,,Sterivex in sterile tube,marine sample,no prefiltration,0.22,microns,,no treatment,on ship in -24 and after cruise in -86,15.09,centigrade,,34.57,PSU,,42540.5,microS/cm,Given unit does not match required unit.,0.71753125,mg/m3,Given unit does not match required unit.,not provided,not provided,,0.610000014,micromol/l,,0.219999999,micromol/l,,0.039999999,micromol/l,,0.029999999,micromol/l,,0.839999974,micromol/l,,not provided,not provided,,not provided,not provided,,not provided,not provided,,not provided,not provided,,not provided,not provided,,not provided,not provided,,not provided,not provided,,not provided,not provided,,not provided,not provided,,SAMEA7392439,to be added,PRJEB40760,PRJEB40757
OSD184_2018-06,OSD184_2018-06_NPL022_1,OSD184_2018-06_1_NPL022,OSD184,2018-06-25T23:12:24Z,51.6847,2.4193,marine biome [ENVO:00000447], sea water [ENVO:00002149], microbial community [PCO:1000004],Ocean Sampling Day,https://www.marineregions.org/gazetteer.php?p=details&id=26567,RV Simon Stevin,3,m,,NPL022,OSD-Jun-2018,not provided,6 x 5L Niksin bottle mounted on CTD,water is taken from Nisking. Protocol NPL22 is followed,site W10,0.42,l,,not provided,not provided,,Sterivex in sterile tube,marine sample,no prefiltration,0.22,microns,,no treatment,on ship in -24 and after cruise in -86,14.71,centigrade,,34.66,PSU,,42263.11111,microS/cm,Given unit does not match required unit.,0.973994444,mg/m3,Given unit does not match required unit.,not provided,not provided,,0.709999979,micromol/l,,0.330000013,micromol/l,,0.050000001,micromol/l,,0.07,micromol/l,,0.75999999,micromol/l,,not provided,not provided,,not provided,not provided,,not provided,not provided,,not provided,not provided,,not provided,not provided,,not provided,not provided,,not provided,not provided,,not provided,not provided,,not provided,not provided,,SAMEA7392438,to be added,not provided,PRJEB40757
OSD185_2018-06,OSD185_2018-06_NPL022_1,OSD185_2018-06_1_NPL022,OSD185,2018-06-26T02:04:34Z,51.4819,2.4512,marine biome [ENVO:00000447], sea water [ENVO:00002149], microbial community [PCO:1000004],Ocean Sampling Day,https://www.marineregions.org/gazetteer.php?p=details&id=26567,RV Simon Stevin,3,m,,NPL022,OSD-Jun-2018,not provided,6 x 5L Niksin bottle mounted on CTD,water is taken from Nisking. Protocol NPL22 is followed,site 421,0.42,l,,not provided,not provided,,Sterivex in sterile tube,marine sample,no prefiltration,0.22,microns,,no treatment,on ship in -24 and after cruise in -86,15.76,centigrade,,34.22,PSU,,42802.91667,microS/cm,Given unit does not match required unit.,3.8874,mg/m3,Given unit does not match required unit.,not provided,not provided,,0.460000008,micromol/l,,0.569999993,micromol/l,,0.029999999,micromol/l,,0.02,micromol/l,,0.059999999,micromol/l,,not provided,not provided,,not provided,not provided,,not provided,not provided,,not provided,not provided,,not provided,not provided,,not provided,not provided,,not provided,not provided,,not provided,not provided,,not provided,not provided,,SAMEA7392437,to be added,PRJEB40760,PRJEB40757
OSD2_2018-06,OSD2_2018-06_NPL022_1,OSD2_2018-06_1_NPL022,OSD2,2018-06-22T12:45:00Z,48.7778,-3.9375,neritic epipelagic zone biome [ENVO:01000042], sea water [ENVO:00002149], microbial community [PCO:1000004],Ocean Sampling Day,https://www.marineregions.org/gazetteer.php?p=details&id=2389,RV Neomysis,1,m,,NPL022,OSD-Jun-2018,not provided,Hand pump,not provided,A few wind and sunny,5.25,l,,50,min,,Sterivex,particulate matter,no prefiltration,0.22,microns,,no treatment,-80,13.52,centigrade,,34.94,PSU,,4.140853,mS/cm, ,not provided,not provided,,1,m,,not provided,not provided,,,,,not provided,not provided,,not provided,not provided,,not provided,not provided,,7.9404,dimensionless,,not provided,not provided,,1680,photons/m^2/sec,Given unit does not match required unit.,not provided,not provided,,not provided,not provided,,not provided,not provided,,not provided,not provided,,not provided,not provided,,not provided,not provided,,SAMEA7392482,to be added,PRJEB40760,PRJEB40757
OSD210_2018-06,OSD210_2018-06_NPL022_1,OSD210_2018-06_1_NPL022,OSD210,2018-06-21T07:30:00Z,43.108,3.081,coastal wetland ecosystem [ENVO:00000230], sea water [ENVO:00002149], microbial community [PCO:1000004],Ocean Sampling Day,https://www.marineregions.org/gazetteer.php?p=details&id=25185,not provided,0,m,,NPL022,OSD-Jun-2018,frequently monitored coastal lagoons,acid washed carboy,sampling and sterivex filtration,not provided,2.8,l,,60,min,,Sterivex,not provided,no prefiltration,0.22,microns,,no treatment,-80,25.4,centigrade,,28.5,PSU,,not provided,not provided,,not provided,not provided,,not provided,not provided,,not provided,not provided,,0.06,micromol/l,,0.07,micromol/l,,0.07,micromol/l,,4.96,micromol/l,,not provided,not provided,,not provided,not provided,,not provided,not provided,,not provided,not provided,,not provided,not provided,,not provided,not provided,,not provided,not provided,,not provided,not provided,,not provided,not provided,,SAMEA7392436,to be added,PRJEB40760,PRJEB40757
OSD211_2018-06,OSD211_2018-06_NPL022_1,OSD211_2018-06_1_NPL022,OSD211,2018-06-21T08:30:00Z,42.967,3.003,coastal wetland ecosystem [ENVO:00000230], sea water [ENVO:00002149], microbial community [PCO:1000004],Ocean Sampling Day,https://www.marineregions.org/gazetteer.php?p=details&id=25185,not provided,0,m,,NPL022,OSD-Jun-2018,frequently monitored coastal lagoons,not provided,not provided,not provided,1.1,l,,60,min,,Sterivex,not provided,no prefiltration,0.22,microns,,no treatment,-80,26.2,centigrade,,14.8,PSU,,not provided,not provided,,not provided,not provided,,not provided,not provided,,not provided,not provided,,0.06,micromol/l,,0.18,micromol/l,,0.15,micromol/l,,44.49,micromol/l,,not provided,not provided,,not provided,not provided,,not provided,not provided,,not provided,not provided,,not provided,not provided,,not provided,not provided,,not provided,not provided,,not provided,not provided,,not provided,not provided,,SAMEA7392435,to be added,PRJEB40760,PRJEB40757
OSD212_2018-06,OSD212_2018-06_NPL022_1,OSD212_2018-06_1_NPL022,OSD212,2018-06-21T10:44:00Z,55.7321,12.5807,marine biome [ENVO:00000447], sea water [ENVO:00002149], microbial community [PCO:1000004],Ocean Sampling Day,https://www.marineregions.org/gazetteer.php?p=details&id=5674,Harbour pier,0,m,,NPL022,OSD-Jun-2018,monitoring of often sampled site for isolation of bioactive marine bacteria,Sterile 10L Nalgene carboy,Nalgene carboy was submerged into surface water,windy and water rather clear,0.5,l,,440,min,,Sterivex,particulate matter,no prefiltration,0.22,microns,,no treatment,-80,15.9,centigrade,,21,PSU,,not provided,not provided,,not provided,not provided,,0,m,,not provided,not provided,,,,,not provided,not provided,,not provided,not provided,,not provided,not provided,,not provided,not provided,,1.75,mg/l,Given unit does not match required unit.,not provided,not provided,,not provided,not provided,,not provided,not provided,,not provided,not provided,,not provided,not provided,,not provided,not provided,,not provided,not provided,,SAMEA7392434,to be added,PRJEB40760,PRJEB40757
OSD214_2018-06,OSD214_2018-06_NPL022_1,OSD214_2018-06_1_NPL022,OSD214,not provided,35.2135,-2.8461,marine biome [ENVO:00000447], sea water [ENVO:00002149], microbial community [PCO:1000004],Ocean Sampling Day,https://www.marineregions.org/gazetteer.php?p=details&id=25602,not provided,not provided,not provided,,NPL022,OSD-Jun-2018,not provided,5L bucket,the water was collected in a 5L buckets in a specific geolocation using a boat,not provided,not provided,not provided,,not provided,not provided,,Cryovial 5ml,particulate matter on a 142 mm PC membrane,no prefiltration,0.22,microns,,no treatment,-80,not provided,not provided,,not provided,not provided,,not provided,not provided,,not provided,not provided,,not provided,not provided,,not provided,not provided,,,,,not provided,not provided,,not provided,not provided,,not provided,not provided,,not provided,not provided,,not provided,not provided,,not provided,not provided,,not provided,not provided,,not provided,not provided,,not provided,not provided,,not provided,not provided,,not provided,not provided,,not provided,not provided,,SAMEA7392433,to be added,PRJEB40760,PRJEB40757
OSD216_2018-06,OSD216_2018-06_NPL022_1,OSD216_2018-06_1_NPL022,OSD216,2018-06-21T11:00:00Z,43.7558,13.209,marine biome [ENVO:00000447], sea water [ENVO:00002149], microbial community [PCO:1000004],Ocean Sampling Day,https://www.marineregions.org/gazetteer.php?p=details&id=25615,Tecnopesca boat,0,m,,NPL022,OSD-Jun-2018,not provided,5L Single bottle,Pump,not provided,0.7,l,,20,min,,Sterivex,particulate matter on 0.22 microm pore size filter,no prefiltration,0.22,microns,,no treatment,-80,not provided,not provided,,not provided,not provided,,not provided,not provided,,not provided,not provided,,not provided,not provided,,not provided,not provided,,,,,not provided,not provided,,not provided,not provided,,not provided,not provided,,not provided,not provided,,not provided,not provided,,not provided,not provided,,not provided,not provided,,not provided,not provided,,not provided,not provided,,not provided,not provided,,not provided,not provided,,not provided,not provided,,SAMEA7392432,to be added,PRJEB40760,PRJEB40757
OSD217_2018-06,OSD217_2018-06_NPL022_1,OSD217_2018-06_1_NPL022,OSD217,2018-06-21T13:45:00Z,44.4973,-63.5245,neritic epipelagic zone biome [ENVO:01000042], sea water [ENVO:00002149], microbial community [PCO:1000004],Ocean Sampling Day,https://www.marineregions.org/gazetteer.php?p=details&id=25356,Dock,0,m,,NPL022,OSD-Jun-2018,not provided,OSD 5 galon bucket,collect at surface,filter with syringe,0.85,l,,20,min,,Sterivex,particulate matter,no prefiltration,0.22,microns,,no treatment,-80,10,centigrade,,22,PSU,,not provided,not provided,,not provided,not provided,,0,m,,0,ppm,Given unit does not match required unit.,0,ppm,Given unit does not match required unit.,0,ppm,Given unit does not match required unit.,not provided,not provided,,not provided,not provided,,8,dimensionless,,not provided,not provided,,not provided,not provided,,not provided,not provided,,not provided,not provided,,not provided,not provided,,not provided,not provided,,not provided,not provided,,not provided,not provided,,SAMEA7392431,to be added,PRJEB40760,PRJEB40757
OSD218_2018-06,OSD218_2018-06_NPL022_1,OSD218_2018-06_1_NPL022,OSD218,2018-06-21T13:15:00Z,43.9351,-60.0044,neritic epipelagic zone biome [ENVO:01000042], sea water [ENVO:00002149], microbial community [PCO:1000004],Ocean Sampling Day,https://www.marineregions.org/gazetteer.php?p=details&id=18834,Shore,1,m,,NPL022,OSD-Jun-2018,not provided,Bucket,Collect at surface (~60 cm depth),filter with syringe,2,l,,106,min,,Sterivex,particulate matter,no prefiltration,0.22,microns,,no treatment,-80 and held for 3 days at -20,14,centigrade,,33,PSU,,not provided,not provided,,not provided,not provided,,0,m,,0,ppm,Given unit does not match required unit.,0,ppm,Given unit does not match required unit.,0,ppm,Given unit does not match required unit.,not provided,not provided,,not provided,not provided,,8,dimensionless,,not provided,not provided,,not provided,not provided,,not provided,not provided,,not provided,not provided,,not provided,not provided,,not provided,not provided,,not provided,not provided,,not provided,not provided,,SAMEA7392430,to be added,not provided,PRJEB40757
OSD219_2018-06,OSD219_2018-06_NPL022_1,OSD219_2018-06_1_NPL022,OSD219,2018-06-21T12:12:00Z,53.2403,-9.3123,marine biome [ENVO:00000447], sea water [ENVO:00002149], microbial community [PCO:1000004],Ocean Sampling Day,https://www.marineregions.org/gazetteer.php?p=details&id=25361,not provided,0,m,,NPL022,OSD-Jun-2018,not provided,Bucket,Suface sample,overcast and northerly breeze,2.5,l,,23,min,,not provided,not provided,not provided,0.22,microns,,no treatment,not provided,not provided,not provided,,not provided,not provided,,not provided,not provided,,not provided,not provided,,not provided,not provided,,not provided,not provided,,,,,not provided,not provided,,not provided,not provided,,not provided,not provided,,not provided,not provided,,not provided,not provided,,not provided,not provided,,not provided,not provided,,not provided,not provided,,not provided,not provided,,not provided,not provided,,not provided,not provided,,not provided,not provided,,SAMEA7392429,to be added,PRJEB40760,PRJEB40757
OSD22_2018-06,OSD22_2018-06_NPL022_1,OSD22_2018-06_1_NPL022,OSD22,2018-06-20T11:30:00Z,43.239,5.2888,marine biome [ENVO:00000447], sea water [ENVO:00002149], microbial community [PCO:1000004],Ocean Sampling Day,https://www.marineregions.org/gazetteer.php?p=details&id=25185,Reasearch boat Antedon II,2,m,,NPL022,OSD-Jun-2018,collecting Prokaryotes on 0.22Î¼m pore size filters using Sterivex carbidges,Niskin bottle,not provided,not provided,6,l,,60,min,,Sterivex,particulate matter on the filter,not provided,0.22,microns,,no treatment,-80,18.87,centigrade,,38.06,PSU,,5.098,mS/cm,,0.393,volts,,2,m,,not provided,not provided,,,,,not provided,not provided,,not provided,not provided,,not provided,not provided,,not provided,not provided,,100.96,%,Given unit does not match required unit.,not provided,not provided,,0.19,FTU,,not provided,not provided,,not provided,not provided,,not provided,not provided,,not provided,not provided,,not provided,not provided,,SAMEA7392475,to be added,PRJEB40760,PRJEB40757
OSD220_2018-06,OSD220_2018-06_NPL022_1,OSD220_2018-06_1_NPL022,OSD220,2018-06-21T09:40:00Z,42.2285,-8.7788,temperate marine upwelling biome [ENVO:01000860], sea water [ENVO:00002149], microbial community [PCO:1000004],Ocean Sampling Day,https://www.marineregions.org/gazetteer.php?p=details&id=25366,not provided,1,m,,NPL022,OSD-Jun-2018,not provided,not provided,Niskin bottle,not provided,1.4,l,,18,min,,Sterivex,particulate matter,no prefiltration,0.22,microns,,no treatment,-80,18.4,centigrade,,35.22,PSU,,51.37,mS/cm,,not provided,not provided,,1,m,,not provided,not provided,,,,,not provided,not provided,,not provided,not provided,,not provided,not provided,,not provided,not provided,,not provided,not provided,,not provided,not provided,,not provided,not provided,,not provided,not provided,,not provided,not provided,,not provided,not provided,,not provided,not provided,,not provided,not provided,,SAMEA7392428,to be added,PRJEB40760,PRJEB40757
OSD223_2018-06,OSD223_2018-06_NPL022_1,OSD223_2018-06_1_NPL022,OSD223,2018-06-21T13:20:00Z,54.4853,18.5711,marginal sea biome [ENVO:01000046], sea water [ENVO:00002149], microbial community [PCO:1000004],Ocean Sampling Day,https://www.marineregions.org/gazetteer.php?p=details&id=25674,not provided,0,m,,NPL022,OSD-Jun-2018,Prokaryotes,10% acid washed buckets,Filters 1 and 2 with water vacuum pump. Filters 3 and 4 with mechanical vacuum pump,not provided,1.3,l,,30,min,,Sterivex,particulate matter,no prefiltration,0.22,microns,,no treatment,-80,18.9,centigrade,,6.6,PSU,,not provided,not provided,,not provided,not provided,,not provided,not provided,,not provided,not provided,,,,,not provided,not provided,,not provided,not provided,,not provided,not provided,,not provided,not provided,,not provided,not provided,,not provided,not provided,,not provided,not provided,,not provided,not provided,,not provided,not provided,,not provided,not provided,,not provided,not provided,,not provided,not provided,,SAMEA7392427,not provided,PRJEB40760,PRJEB40757
OSD227_2018-06,OSD227_2018-06_NPL022_1,OSD227_2018-06_1_NPL022,OSD227,2018-06-21T11:40:00Z,48.6698,-3.886,estuarine biome [ENVO:01000020], sea water [ENVO:00002149], microbial community [PCO:1000004],Ocean Sampling Day,https://www.marineregions.org/gazetteer.php?p=details&id=2389,RV Neomysis,1,m,,NPL022,OSD-Jun-2018,not provided,Hand pump,not provided,NE wind 25-30km/h sunny all filters are coloured light brown time of filtration (UTC) 13:10,2.76,l,,30,min,,Sterivex,particulate matter,no prefiltration,0.22,microns,,no treatment,-80,14.74,centigrade,,34.7,PSU,,not provided,not provided,,2.16,microg/l,Given unit does not match required unit.,1.25,m,,not provided,not provided,,,,,not provided,not provided,,not provided,not provided,,not provided,not provided,,not provided,not provided,,2.16,,,1313,photons/m2/s,Given unit does not match required unit.,not provided,not provided,,not provided,not provided,,not provided,not provided,,not provided,not provided,,not provided,not provided,,not provided,not provided,,SAMEA7392426,to be added,PRJEB40760,PRJEB40757
OSD228_2018-06,OSD228_2018-06_NPL022_1,OSD228_2018-06_1_NPL022,OSD228,2018-06-21T09:00:00Z,35.464,24.1996,marine biome [ENVO:00000447], sea water [ENVO:00002149], microbial community [PCO:1000004],Ocean Sampling Day,https://www.marineregions.org/gazetteer.php?p=details&id=3339,HCMR dinghy boat,not provided,not provided,,NPL022,OSD-Jun-2018,surface water sampling (100lt) CTD cost zooplankton net sampling,Niskin bottles / CTD / zooplankton net,surface water sampling with niskin 100lt CTD cost / vertical sampling zooplankton,not provided,not provided,not provided,,not provided,not provided,,not provided,particulate matter,no prefiltration,0.22,microns,,no treatment,-80,25.35,centigrade,,38.84,PSU,,not provided,not provided,,not provided,not provided,,not provided,not provided,,not provided,not provided,,,,,not provided,not provided,,not provided,not provided,,not provided,not provided,,not provided,not provided,,not provided,not provided,,not provided,not provided,,not provided,not provided,,not provided,not provided,,not provided,not provided,,not provided,not provided,,not provided,not provided,,not provided,not provided,,SAMEA7392425,to be added,not provided,PRJEB40757
OSD229_2018-06,OSD229_2018-06_NPL022_1,OSD229_2018-06_1_NPL022,OSD229,2018-06-21T09:00:00Z,35.5455,24.3088,marine biome [ENVO:00000447], sea water [ENVO:00002149], microbial community [PCO:1000004],Ocean Sampling Day,https://www.marineregions.org/gazetteer.php?p=details&id=3339,HCMR dinghy boat,not provided,not provided,,NPL022,OSD-Jun-2018,surface water sampling (100lt) CTD cost zooplankton net sampling,Niskin bottles / CTD / zooplankton net,surface water sampling with niskin 100lt CTD cost / vertical sampling zooplankton,not provided,not provided,not provided,,not provided,not provided,,not provided,particulate matter,no prefiltration,0.22,microns,,no treatment,-80,not provided,not provided,,not provided,not provided,,not provided,not provided,,not provided,not provided,,not provided,not provided,,not provided,not provided,,,,,not provided,not provided,,not provided,not provided,,not provided,not provided,,not provided,not provided,,not provided,not provided,,not provided,not provided,,not provided,not provided,,not provided,not provided,,not provided,not provided,,not provided,not provided,,not provided,not provided,,not provided,not provided,,SAMEA7392424,to be added,PRJEB40760,PRJEB40757
OSD231_2018-06,OSD231_2018-06_NPL022_1,OSD231_2018-06_1_NPL022,OSD231,2018-06-21T10:00:00Z,37.8652,12.481,marine biome [ENVO:00000447], sea water [ENVO:00002149], microbial community [PCO:1000004],Ocean Sampling Day,https://www.marineregions.org/gazetteer.php?p=details&id=3568,not provided,1,m,,NPL022,OSD-Jun-2018,not provided,not provided,not provided,not provided,not provided,not provided,,40,min,,tube,DNA,no prefiltration,0.22,microns,,no treatment,4,not provided,not provided,,not provided,not provided,,not provided,not provided,,not provided,not provided,,not provided,not provided,,not provided,not provided,,,,,not provided,not provided,,not provided,not provided,,not provided,not provided,,not provided,not provided,,not provided,not provided,,not provided,not provided,,not provided,not provided,,not provided,not provided,,not provided,not provided,,not provided,not provided,,not provided,not provided,,not provided,not provided,,SAMEA7392423,not provided,PRJEB40760,PRJEB40757
OSD232_2018-06,OSD232_2018-06_NPL022_1,OSD232_2018-06_1_NPL022,OSD232,2018-06-21T10:40:00Z,40.8031,14.34,marine biome [ENVO:00000447], sea water [ENVO:00002149], microbial community [PCO:1000004],Ocean Sampling Day,https://www.marineregions.org/gazetteer.php?p=details&id=25611,not provided,0,m,,NPL022,OSD-Jun-2018,OSD-232-PROK,Boat,sampling water from a boat,water mass very clear. Low content from NW,4,l,,110,min,,Tank,seawater,not provided,0.22,microns,,no treatment,-80,25,centigrade,,36.8,PSU,,55.4,mS/cm,,not provided,not provided,,0.3,m,,not provided,not provided,,,,,not provided,not provided,,not provided,not provided,,not provided,not provided,,not provided,not provided,,not provided,not provided,,not provided,not provided,,not provided,not provided,,not provided,not provided,,not provided,not provided,,not provided,not provided,,not provided,not provided,,not provided,not provided,,SAMEA7392422,to be added,PRJEB40760,PRJEB40757
OSD233_2018-06,OSD233_2018-06_NPL022_1,OSD233_2018-06_1_NPL022,OSD233,2018-06-21T11:00:00Z,38.1953,15.5736,marine biome [ENVO:00000447], sea water [ENVO:00002149], microbial community [PCO:1000004],Ocean Sampling Day,https://www.marineregions.org/gazetteer.php?p=details&id=3568,not provided,0,m,,NPL022,OSD-Jun-2018,not provided,GO-FLO Sampling bottle,not provided,not provided,7.1,l,,55,min,,50ml vials,sterivex,no prefiltration,0.22,microns,,no treatment,-80,not provided,not provided,,not provided,not provided,,not provided,not provided,,not provided,not provided,,not provided,not provided,,not provided,not provided,,,,,not provided,not provided,,not provided,not provided,,not provided,not provided,,not provided,not provided,,not provided,not provided,,not provided,not provided,,not provided,not provided,,not provided,not provided,,not provided,not provided,,not provided,not provided,,not provided,not provided,,not provided,not provided,,SAMEA7392421,to be added,PRJEB40760,PRJEB40757
OSD24_2018-06,OSD24_2018-06_NPL022_1,OSD24_2018-06_1_NPL022,OSD24,2018-06-21T10:37:00Z,35.1927,-2.88,marine biome [ENVO:00000447], sea water [ENVO:00002149], microbial community [PCO:1000004],Ocean Sampling Day,https://www.marineregions.org/gazetteer.php?p=details&id=25602,not provided,1,m,,NPL022,OSD-Jun-2018,not provided,5L bucket,the water was collected in a 5L buckets in a specific geolocation using a boat,not provided,1.04,l,,40,min,,Cryovial 5ml,particulate matter on a 142 mm PC membrane,no prefiltration,0.22,microns,,no treatment,-80,24,centigrade,,38.2,PSU,,54,mS/cm,,not provided,not provided,,not provided,not provided,,not provided,not provided,,,,,not provided,not provided,,40,micromol/l,Given value is a range: 30-50,not provided,not provided,,8,dimensionless,,not provided,not provided,,not provided,not provided,,3.2,NTU,Given unit does not match required unit (FTU). ,not provided,not provided,,not provided,not provided,,not provided,not provided,,not provided,not provided,,not provided,not provided,,SAMEA7392474,not provided,not provided,PRJEB40757
OSD26_2018-06,OSD26_2018-06_NPL022_1,OSD26_2018-06_1_NPL022,OSD26,2018-06-21T10:45:00Z,35.82,-5.75,marine biome [ENVO:00000447], sea water [ENVO:00002149], microbial community [PCO:1000004],Ocean Sampling Day,https://www.marineregions.org/gazetteer.php?p=details&id=8367,not provided,1,m,,NPL022,OSD-Jun-2018,not provided,5L bucket,the water was collected from the coastline in a 5L buckets,not provided,1.5,l,,50,min,,Cryovial 5ml,particulate matter on a 142 mm PC membrane,no prefiltration,0.22,microns,,no treatment,-80,24,centigrade,,not provided,not provided,,11.5,mS/cm,,not provided,not provided,,1,m,,not provided,not provided,,,,,not provided,not provided,,40,micromol/l,Given value is a range: 30-50,not provided,not provided,,8.2,dimensionless,,not provided,not provided,,not provided,not provided,,6.92,NTU,Given unit does not match required unit (FTU). ,not provided,not provided,,not provided,not provided,,not provided,not provided,,not provided,not provided,,not provided,not provided,,SAMEA7392473,to be added,PRJEB40760,PRJEB40757
OSD30_2018-06,OSD30_2018-06_NPL022_1,OSD30_2018-06_1_NPL022,OSD30,2018-06-19T09:00:00Z,59.8553,23.2633,neritic epipelagic zone biome [ENVO:01000042], sea water [ENVO:00002149], microbial community [PCO:1000004],Ocean Sampling Day,https://www.marineregions.org/gazetteer.php?p=details&id=25672,R/V J.A. Palmen,1,m,,NPL022,OSD-Jun-2018,not provided,2 x 2L Limnos,Limnoses were deployed just below surface with a rope,not provided,0.7,l,,27,min,,Sterivex,not provided,no prefiltration,0.22,microns,,no treatment,-80,13.8,centigrade,,5.74,PSU,,7.96,mS/cm,,2.895,mg/m3,Given unit does not match required unit.,1,m,,<2,microg/l,Given unit does not match required unit.,<3,microg/l,Given unit does not match required unit.,<1,microg/l,Given unit does not match required unit (micromol/l). ,5.4,microg/l,Given unit does not match required unit (micromol/l). ,185.8,microg/l,Given unit does not match required unit.,8.31,dimensionless,,7.3,mg/l,Given unit does not match required unit.,not provided,not provided,,not provided,not provided,,not provided,not provided,,not provided,not provided,,not provided,not provided,,not provided,not provided,,not provided,not provided,,SAMEA7392472,not provided,not provided,PRJEB40757
OSD39_2018-06,OSD39_2018-06_NPL022_1,OSD39_2018-06_1_NPL022,OSD39,2018-06-21T10:57:00Z,32.7529,-79.8998,marine biome [ENVO:00000447], sea water [ENVO:00002149], microbial community [PCO:1000004],Ocean Sampling Day,https://www.marineregions.org/gazetteer.php?p=details&id=18952,off cove by S.C. Dept. of Nature Resources,1,m,,NPL022,OSD-Jun-2018,not provided,2L Nalgene bottles,Submerged under surface to fill the bottle by hand,Prokaryotic samples,1.1,l,,140,min,,Sterivex,particulate matter on 0.22 microm pore size filter,no prefiltration,0.22,microns,,no treatment,-80,30.4,centigrade,,22.19,PSU,,35.431,mS/cm,,not provided,not provided,,1,m,,not provided,not provided,,not provided,not provided,,not provided,not provided,,not provided,not provided,,not provided,not provided,,7.65,dimensionless,,6.05,mg/l,Given unit does not match required unit.,not provided,not provided,,not provided,not provided,,not provided,not provided,,not provided,not provided,,not provided,not provided,,not provided,not provided,,not provided,not provided,,SAMEA7392471,to be added,PRJEB40760,PRJEB40757
OSD4_2018-06,OSD4_2018-06_NPL022_1,OSD4_2018-06_1_NPL022,OSD4,2018-06-21T13:00:00Z,40.808,14.25,marine biome [ENVO:00000447], sea water [ENVO:00002149], microbial community [PCO:1000004],Ocean Sampling Day,https://www.marineregions.org/gazetteer.php?p=details&id=25611,Hippocampo,0,m,,NPL022,OSD-Jun-2018,not provided,Niskin bottle,not provided,not provided,0.67,l,,35,min,,Sterivex,particulate matter on 0.22 microm pore size filter,no prefiltration,0.22,microns,,no treatment,-80,24.8,centigrade,,36.93,PSU,,not provided,not provided,,not provided,not provided,,not provided,not provided,,not provided,not provided,,not provided,not provided,,not provided,not provided,,not provided,not provided,,not provided,not provided,,not provided,not provided,,not provided,not provided,,not provided,not provided,,not provided,not provided,,not provided,not provided,,not provided,not provided,,not provided,not provided,,not provided,not provided,,not provided,not provided,,SAMEA7392481,to be added,PRJEB40760,PRJEB40757
OSD43_2018-06,OSD43_2018-06_NPL022_1,OSD43_2018-06_1_NPL022,OSD43,2018-06-21T11:42:00Z,32.867,-117.2573,marine biome [ENVO:00000447], sea water [ENVO:00002149], microbial community [PCO:1000004],Ocean Sampling Day,https://www.marineregions.org/gazetteer.php?p=details&id=25365,Pier with bucket,0,m,,NPL022,OSD-Jun-2018,OSD2018 samples,acid washed bucket,pile wench,There were divers in the vicinity which is unusual. They could have stirred sediment but not known if they did or not.,2,l,,30,min,,Sterivex,particulate matter on 0.22 microm pore size filter,no prefiltration,0.22,microns,,no treatment,-80,19.85,centigrade,,34,PSU,,not provided,not provided,,not provided,not provided,,not provided,not provided,,not provided,not provided,,not provided,not provided,,not provided,not provided,,not provided,not provided,,not provided,not provided,,not provided,not provided,,not provided,not provided,,not provided,not provided,,not provided,not provided,,not provided,not provided,,not provided,not provided,,not provided,not provided,,2.47,mg/m^3,,not provided,not provided,,SAMEA7392470,to be added,PRJEB40760,PRJEB40757
OSD47_2018-06,OSD47_2018-06_NPL022_1,OSD47_2018-06_1_NPL022,OSD47,2018-06-21T10:47:00Z,45.502,12.4176,lagoon [ENVO:00000038], sea water [ENVO:00002149], microbial community [PCO:1000004],Ocean Sampling Day,https://www.marineregions.org/gazetteer.php?p=details&id=3611,Unipd Boat,0,m,,NPL022,OSD-Jun-2018,not provided,10L bottle,Bottle immersion on sea surface by hand,not provided,0.48,l,,10,min,,Sterivex,particulate matter,no prefiltration,0.22,microns,,no treatment,-80,not provided,not provided,,not provided,not provided,,not provided,not provided,,not provided,not provided,,not provided,not provided,,not provided,not provided,,not provided,not provided,,not provided,not provided,,not provided,not provided,,not provided,not provided,,not provided,not provided,,not provided,not provided,,not provided,not provided,,not provided,not provided,,not provided,not provided,,not provided,not provided,,not provided,not provided,,not provided,not provided,,not provided,not provided,,SAMEA7392469,to be added,PRJEB40760,PRJEB40757
OSD48_2018-06,OSD48_2018-06_NPL022_1,OSD48_2018-06_1_NPL022,OSD48,2018-06-21T07:25:00Z,45.4125,12.5265,mediterranean sea biome [ENVO:01000047], sea water [ENVO:00002149], microbial community [PCO:1000004],Ocean Sampling Day,https://www.marineregions.org/gazetteer.php?p=details&id=3610,Unipd Boat,0,m,,NPL022,OSD-Jun-2018,not provided,10L bottle,Bottle immersion on sea surface by hand,not provided,0.96,l,,18,min,,Sterivex,particulate matter,no prefiltration,0.22,microns,,no treatment,-80,not provided,not provided,,not provided,not provided,,not provided,not provided,,not provided,not provided,,not provided,not provided,,not provided,not provided,,not provided,not provided,,not provided,not provided,,not provided,not provided,,not provided,not provided,,not provided,not provided,,not provided,not provided,,not provided,not provided,,not provided,not provided,,not provided,not provided,,not provided,not provided,,not provided,not provided,,not provided,not provided,,not provided,not provided,,SAMEA7392468,to be added,PRJEB40760,PRJEB40757
OSD5_2018-06,OSD5_2018-06_NPL022_1,OSD5_2018-06_1_NPL022,OSD5,2018-06-21T09:00:00Z,35.66,24.99,marine biome [ENVO:00000447], sea water [ENVO:00002149], microbial community [PCO:1000004],Ocean Sampling Day,https://www.marineregions.org/gazetteer.php?p=details&id=3339,HCMR dinghy boat,1,m,,NPL022,OSD-Jun-2018,surface water sampling (100lt) CTD cost zooplankton net sampling,Niskin bottles / CTD / zooplankton net,surface water sampling with niskin 100lt CTD cost / vertical sampling zooplankton,not provided,not provided,not provided,,not provided,not provided,,Sterivex,particulate matter on 47mm 1.2 microm pore size polycarbonate filter,no prefiltration,0.22,microns,,no treatment,-80,not provided,not provided,,not provided,not provided,,not provided,not provided,,not provided,not provided,,not provided,not provided,,not provided,not provided,,not provided,not provided,,not provided,not provided,,not provided,not provided,,not provided,not provided,,not provided,not provided,,not provided,not provided,,not provided,not provided,,not provided,not provided,,not provided,not provided,,not provided,not provided,,not provided,not provided,,not provided,not provided,,not provided,not provided,,SAMEA7392480,to be added,PRJEB40760,PRJEB40757
OSD54_2018-06,OSD54_2018-06_NPL022_1,OSD54_2018-06_1_NPL022,OSD54,2018-06-21T06:25:00Z,43.844,-69.6409,marine biome [ENVO:00000447], sea water [ENVO:00002149], microbial community [PCO:1000004],Ocean Sampling Day,https://www.marineregions.org/gazetteer.php?p=details&id=25365,Floating Dock,1,m,,NPL022,OSD-Jun-2018,sampling at 1m from floating dock at Deaprtment of Marine Resources Maine USA,5L Niskin bottle,4 X 5L Niskin to fill 20L carboy,Prokaryotic samples (not prefiltered),3.56,l,,50,min,,Sterivex,particulate matter on 0.22 microm pore size filter,no prefiltration,0.22,microns,,no treatment,-80,12.2,centigrade,,32,PSU,,not provided,not provided,,not provided,not provided,,not provided,not provided,,not provided,not provided,,not provided,not provided,,not provided,not provided,,not provided,not provided,,not provided,not provided,,not provided,not provided,,not provided,not provided,,not provided,not provided,,not provided,not provided,,not provided,not provided,,not provided,not provided,,not provided,not provided,,not provided,not provided,,not provided,not provided,,SAMEA7392467,to be added,not provided,PRJEB40757
OSD55_2018-06,OSD55_2018-06_NPL022_1,OSD55_2018-06_1_NPL022,OSD55,2018-06-21T06:04:00Z,43.8604,-69.5781,marine biome [ENVO:00000447], sea water [ENVO:00002149], microbial community [PCO:1000004],Ocean Sampling Day,https://www.marineregions.org/gazetteer.php?p=details&id=25365,Floating Dock,1,m,,NPL022,OSD-Jun-2018,sampling at 1m from floating dock at Bigelow Laboratory for Ocean Sciences,2L Niskin bottle,10 X 2L Niskin deployed to fill 20L carboy,Prokaryotic samples (not prefiltered),4,l,,45,min,,Sterivex,particulate matter on 0.22 microm pore size filter,no prefiltration,0.22,microns,,no treatment,-80,12.2,centigrade,,32,PSU,,not provided,not provided,,not provided,not provided,,not provided,not provided,,not provided,not provided,,not provided,not provided,,not provided,not provided,,not provided,not provided,,not provided,not provided,,not provided,not provided,,not provided,not provided,,not provided,not provided,,not provided,not provided,,not provided,not provided,,not provided,not provided,,not provided,not provided,,not provided,not provided,,not provided,not provided,,SAMEA7392466,to be added,not provided,PRJEB40757
OSD60_2018-06,OSD60_2018-06_NPL022_1,OSD60_2018-06_1_NPL022,OSD60,2018-06-21T14:20:00Z,32.334,-79.1929,marine biome [ENVO:00000447], sea water [ENVO:00002149], microbial community [PCO:1000004],Ocean Sampling Day,https://www.marineregions.org/gazetteer.php?p=details&id=25365,Floating Dock,1,m,,NPL022,OSD-Jun-2018,not provided,2L Nalgene bottles,Hand dipped / sumberged under water to fill bottle,Prokaryotic samples,1,l,,37,min,,Sterivex,particulate matter on 0.22 microm pore size filter,no prefiltration,0.22,microns,,no treatment,-80,28.5,centigrade,,32.56,PSU,,50.3,mS/cm,,not provided,not provided,,1,m,,not provided,not provided,,not provided,not provided,,not provided,not provided,,not provided,not provided,,not provided,not provided,,8.04,dimensionless,,6.24,mg/l,Given unit does not match required unit.,not provided,not provided,,not provided,not provided,,not provided,not provided,,not provided,not provided,,not provided,not provided,,not provided,not provided,,not provided,not provided,,SAMEA7392465,to be added,PRJEB40760,PRJEB40757
OSD63_2018-06,OSD63_2018-06_NPL022_1,OSD63_2018-06_1_NPL022,OSD63,2018-06-21T09:00:00Z,45.3144,12.5083,marine biome [ENVO:00000447], sea water [ENVO:00002149], microbial community [PCO:1000004],Ocean Sampling Day,https://www.marineregions.org/gazetteer.php?p=details&id=3610,CNR LITUSï¿½ Boat,0,m,,NPL022,OSD-Jun-2018,not provided,5L Single bottle,not provided,not provided,3.7,l,,60,min,,Sterivex,particulate matter,no prefiltration,0.22,microns,,no treatment,-80,25.88,centigrade,,34.86,PSU,,53.802155,mS/cm,,not provided,not provided,,not provided,not provided,,not provided,not provided,,not provided,not provided,,not provided,not provided,,not provided,not provided,,not provided,not provided,,not provided,not provided,,5.34575,ml/l,Given unit does not match required unit.,not provided,not provided,,not provided,not provided,,not provided,not provided,,not provided,not provided,,not provided,not provided,,not provided,not provided,,not provided,not provided,,SAMEA7392464,not provided,PRJEB40759,PRJEB40757
OSD69_2018-06,OSD69_2018-06_NPL022_1,OSD69_2018-06_1_NPL022,OSD69,2018-06-21T13:35:00Z,45.4568,12.2605,lagoon [ENVO:00000038], sea water [ENVO:00002149], microbial community [PCO:1000004],Ocean Sampling Day,https://www.marineregions.org/gazetteer.php?p=details&id=3611,Unipd Boat,0,m,,NPL022,OSD-Jun-2018,not provided,10L bottle,Bottle immersion on sea surface by hand,not provided,0.42,l,,8,min,,Sterivex,particulate matter,no prefiltration,0.22,microns,,no treatment,-80,not provided,not provided,,not provided,not provided,,not provided,not provided,,not provided,not provided,,not provided,not provided,,not provided,not provided,,not provided,not provided,,not provided,not provided,,not provided,not provided,,not provided,not provided,,not provided,not provided,,not provided,not provided,,not provided,not provided,,not provided,not provided,,not provided,not provided,,not provided,not provided,,not provided,not provided,,not provided,not provided,,not provided,not provided,,SAMEA7392463,to be added,PRJEB40760,PRJEB40757
OSD70_2018-06,OSD70_2018-06_NPL022_1,OSD70_2018-06_1_NPL022,OSD70,2018-06-21T07:01:00Z,45.4142,12.4378,mediterranean sea biome [ENVO:01000047], sea water [ENVO:00002149], microbial community [PCO:1000004],Ocean Sampling Day,https://www.marineregions.org/gazetteer.php?p=details&id=3610,Unipd Boat,0,m,,NPL022,OSD-Jun-2018,not provided,10L bottle,Bottle immersion on sea surface by hand,not provided,1.02,l,,20,min,,Sterivex,particulate matter,no prefiltration,0.22,microns,,no treatment,-80,not provided,not provided,,not provided,not provided,,not provided,not provided,,not provided,not provided,,not provided,not provided,,not provided,not provided,,not provided,not provided,,not provided,not provided,,not provided,not provided,,not provided,not provided,,not provided,not provided,,not provided,not provided,,not provided,not provided,,not provided,not provided,,not provided,not provided,,not provided,not provided,,not provided,not provided,,not provided,not provided,,not provided,not provided,,SAMEA7392462,to be added,PRJEB40760,PRJEB40757
OSD74_2018-06,OSD74_2018-06_NPL022_1,OSD74_2018-06_1_NPL022,OSD74,2018-06-22T11:15:00Z,41.1416,-8.6668,estuarine biome [ENVO:01000020], sea water [ENVO:00002149], microbial community [PCO:1000004],Ocean Sampling Day,https://www.marineregions.org/gazetteer.php?p=details&id=25368,not provided,1,m,,NPL022,OSD-Jun-2018,OSD investigate ocean microbial diversity,acid washed bucket,Bucket tied with rope,not provided,0.9,l,,94,min,,Sterivex,particulate matter,no prefiltration,0.22,microns,,no treatment,-80,20.3,centigrade,,4,PSU,,not provided,not provided,,not provided,not provided,,not provided,not provided,,not provided,not provided,,not provided,not provided,,not provided,not provided,,not provided,not provided,,not provided,not provided,,not provided,not provided,,not provided,not provided,,not provided,not provided,,not provided,not provided,,not provided,not provided,,not provided,not provided,,not provided,not provided,,not provided,not provided,,not provided,not provided,,SAMEA7392461,to be added,PRJEB40760,PRJEB40757
OSD78_2018-06,OSD78_2018-06_NPL022_1,OSD78_2018-06_1_NPL022,OSD78,2018-06-21T12:00:00Z,43.57,13.595,marine biome [ENVO:00000447], sea water [ENVO:00002149], microbial community [PCO:1000004],Ocean Sampling Day,https://www.marineregions.org/gazetteer.php?p=details&id=25615,not provided,1,m,,NPL022,OSD-Jun-2018,OSD-78-PROK,Boat,sampling water from a boat,not provided,1.3,l,,60,min,,Tank,seawater,not provided,0.22,microns,,no treatment,not provided,26,centigrade,,31.7,PSU,,49.5,mS/cm,,not provided,not provided,,1,m,,not provided,not provided,,not provided,not provided,,not provided,not provided,,not provided,not provided,,not provided,not provided,,not provided,not provided,,not provided,not provided,,not provided,not provided,,not provided,not provided,,not provided,not provided,,not provided,not provided,,not provided,not provided,,not provided,not provided,,not provided,not provided,,SAMEA7392460,to be added,PRJEB40760,PRJEB40757
OSD81_2018-06,OSD81_2018-06_NPL022_1,OSD81_2018-06_1_NPL022,OSD81,2018-06-21T10:58:00Z,37.0051,-7.9731,lagoon [ENVO:00000038], sea water [ENVO:00002149], microbial community [PCO:1000004],Ocean Sampling Day,https://www.marineregions.org/gazetteer.php?p=details&id=5349,Boat (Hossegor),0,m,,NPL022,OSD-Jun-2018,not provided,not provided,Protocol NPL022 is followed,not provided,1.6,l,,50,min,,Sterivex,not provided,not provided,0.22,microns,,no treatment,-80,20.9,centigrade,,36.18,PSU,,50.27,mS/cm,,not provided,not provided,,0.2,m,,not provided,not provided,,not provided,not provided,,not provided,not provided,,not provided,not provided,,not provided,not provided,,8.19,dimensionless,,58.4,%,Given unit does not match required unit.,not provided,not provided,,not provided,not provided,,not provided,not provided,,not provided,not provided,,not provided,not provided,,not provided,not provided,,not provided,not provided,,SAMEA7392459,not provided,PRJEB40760,PRJEB40757
OSD88_2018-06,OSD88_2018-06_NPL022_1,OSD88_2018-06_1_NPL022,OSD88,2018-06-20T08:30:00Z,46.0842,-1.3083,marine biome [ENVO:00000447], sea water [ENVO:00002149], microbial community [PCO:1000004],Ocean Sampling Day,https://www.marineregions.org/gazetteer.php?p=details&id=25218,research vessel ESTRAN,0,m,,NPL022,OSD-Jun-2018,SOMLIT network is a long term monitoring of the physicochemical parameters of the french coastal environment,12L Niskin bottle,two times 12L-Niskin were deployed and poured in 1 bottle 15L nalgene acid washed bottle,tidal range is 5.19m sunny day wind is 2knots direction is NE swell is zero air temperature is 28.9 celcius degree,1.34,l,,60,min,,Sterivex,particulate matter,no prefiltration,0.22,microns,,no treatment,-80,not provided,not provided,,not provided,not provided,,not provided,not provided,,not provided,not provided,,not provided,not provided,,not provided,not provided,,not provided,not provided,,not provided,not provided,,not provided,not provided,,not provided,not provided,,not provided,not provided,,not provided,not provided,,not provided,not provided,,not provided,not provided,,not provided,not provided,,not provided,not provided,,not provided,not provided,,not provided,not provided,,not provided,not provided,,SAMEA7392458,to be added,PRJEB40760,PRJEB40757
OSD91_2018-06,OSD91_2018-06_NPL022_1,OSD91_2018-06_1_NPL022,OSD91,2018-06-21T10:15:00Z,32.7385,-9.039,marine biome [ENVO:00000447], sea water [ENVO:00002149], microbial community [PCO:1000004],Ocean Sampling Day,https://www.marineregions.org/gazetteer.php?p=details&id=25322,not provided,1,m,,NPL022,OSD-Jun-2018,not provided,5L bucket,the water was collected from an exact geolocation in a 5L buckets,not provided,1.5,l,,40,min,,Cryovial 5ml,particulate matter on a 142 mm PC membrane,no prefiltration,0.22,microns,,no treatment,-80,19,centigrade,,not provided,not provided,,53.2,mS/cm,,not provided,not provided,,1,m,,not provided,not provided,,not provided,not provided,,not provided,not provided,,40,micromol/l,Given value is a range: 30-50,not provided,not provided,,8,dimensionless,,not provided,not provided,,not provided,not provided,,5.32,NTU,Given unit does not match required unit (FTU). ,not provided,not provided,,not provided,not provided,,not provided,not provided,,not provided,not provided,,not provided,not provided,,SAMEA7392457,to be added,PRJEB40760,PRJEB40757
OSD93_2018-06,OSD93_2018-06_NPL022_1,OSD93_2018-06_1_NPL022,OSD93,2018-06-21T12:00:00Z,33.2464,-8.4761,marine biome [ENVO:00000447], sea water [ENVO:00002149], microbial community [PCO:1000004],Ocean Sampling Day,https://www.marineregions.org/gazetteer.php?p=details&id=25322,not provided,1,m,,NPL022,OSD-Jun-2018,not provided,5L bucket,the water was collected from a specific geolocation in a 5L buckets,not provided,1.4,l,,40,min,,Cryovial 5ml,particulate matter on a 142 mm PC membrane,no prefiltration,0.22,microns,,no treatment,-80,24,centigrade,,not provided,not provided,,48,mS/cm,,not provided,not provided,,1,m,,not provided,not provided,,not provided,not provided,,not provided,not provided,,40,micromol/l,Given value is a range: 30-50,not provided,not provided,,8,dimensionless,,not provided,not provided,,not provided,not provided,,6.32,NTU,Given unit does not match required unit (FTU). ,not provided,not provided,,not provided,not provided,,not provided,not provided,,not provided,not provided,,not provided,not provided,,SAMEA7392456,to be added,PRJEB40760,PRJEB40757
OSD99_2018-06,OSD99_2018-06_NPL022_1,OSD99_2018-06_1_NPL022,OSD99,2018-06-21T10:46:00Z,45.7009,13.71,marine biome [ENVO:00000447],marine biome [ENVO:00000447],not provided,Ocean Sampling Day,https://www.marineregions.org/gazetteer.php?p=details&id=3314,research vessel - Niskin,1,m,,NPL022,OSD-Jun-2018,OSD,Niskin,Niskin and acid washed funnel,not provided,2.4,l,,51,min,,Sterivex,particulate matter-seawater,no prefiltration,0.22,microns,,no treatment,-80,24.1,centigrade,,37.07,PSU,,not provided,not provided,,not provided,not provided,,not provided,not provided,,not provided,not provided,,not provided,not provided,,not provided,not provided,,not provided,not provided,,not provided,not provided,,8.3,dimensionless,,105,micromol/kg,,not provided,not provided,,not provided,not provided,,not provided,not provided,,not provided,not provided,,not provided,not provided,,not provided,not provided,,not provided,not provided,,SAMEA7392455,to be added,not provided,not provided
