To be published,MaterialSampleID,EventID,SampleID,sample_description,environmental package,taxonID_NBCI,target_gene,ENA_BioSampleID,ENA_BioProjectID,sequencing_platform,library_strategy,library_source,library_selection,library_layout ,indexing_layout,nominal_length,forward_read_file_name,forward_read_file_checksum,reverse_read_file_name,reverse_read_file_checksum,checksum_method
1,OSD1_2018-06_1_NPL022,OSD1_2018-06,OSD1_2018-06_NPL022_1,surface water sample from the English Channel,water,https://www.ncbi.nlm.nih.gov/Taxonomy/Browser/wwwtax.cgi?id=408172,18S,SAMEA7392483,PRJEB40759,Illumina_MiSeq,AMPLICON,METAGENOMIC,PCR,paired,"Two-step PCR, Nextera XT CDI",180,OSD1-2018_S97_L001_R1_001.fastq.gz,5c51dfd8f655d1a20244b807b800b0fccfb1794365fafee1c084ee10e03a44f5,OSD1-2018_S97_L001_R2_001.fastq.gz,9fccec28656059a3c4bc03c09130b5194fa3d898814ffe0494468741aede4b75,
1,OSD1_2018-06_1_NPL022,OSD1_2018-06,OSD1_2018-06_NPL022_1,surface water sample from the English Channel,water,https://www.ncbi.nlm.nih.gov/Taxonomy/Browser/wwwtax.cgi?id=408172,16S,SAMEA7392483,PRJEB40757,Illumina_MiSeq,AMPLICON,METAGENOMIC,PCR,paired,"Two-step PCR, Nextera XT CDI",460,OSD1-2018_S1_L001_R1_001.fastq.gz,10226eaaa9bf7db551a2d9f437b3cc099b2cbf87c7e0ee880b4be03b321d231b,OSD1-2018_S1_L001_R2_001.fastq.gz,0b18fdc3c5e6fd1afaabc246d962896586d8c45e2efa724ee03e13306731312a,SHA-256
1,OSD2_2018-06_1_NPL022,OSD2_2018-06,OSD2_2018-06_NPL022_1,surface water sample from the Western English Channel,water,https://www.ncbi.nlm.nih.gov/Taxonomy/Browser/wwwtax.cgi?id=408172,18S,SAMEA7392482,PRJEB40759,Illumina_MiSeq,AMPLICON,METAGENOMIC,PCR,paired,"Two-step PCR, Nextera XT CDI",180,OSD2-2018_S98_L001_R1_001.fastq.gz,4c85a733728a55d42c3c6b2f3744254b8c3306342dc48d13c4fa7d110d989726,OSD2-2018_S98_L001_R2_001.fastq.gz,6327edc17e173e7e5c0a3a00bf6ef07417923dd097da0efbe4416bd8da113831,
1,OSD2_2018-06_1_NPL022,OSD2_2018-06,OSD2_2018-06_NPL022_1,surface water sample from the Western English Channel,water,https://www.ncbi.nlm.nih.gov/Taxonomy/Browser/wwwtax.cgi?id=408172,metagenome,SAMEA7392482,PRJEB40760,NovaSeq 6000,WGS,METAGENOMIC,RANDOM,paired,"PCR-plus, single index",376,CRC_AAOSDA_3_1_HYLGGDSXX.12BA001_clean.fastq.gz,75d6c4196561e5cdc2d116d261f37d02,CRC_AAOSDA_3_2_HYLGGDSXX.12BA001_clean.fastq.gz,fd82250c0645a6c42a5244c1c8ec61bb,Md5
1,OSD2_2018-06_1_NPL022,OSD2_2018-06,OSD2_2018-06_NPL022_1,surface water sample from the Western English Channel,water,https://www.ncbi.nlm.nih.gov/Taxonomy/Browser/wwwtax.cgi?id=408172,16S,SAMEA7392482,PRJEB40757,Illumina_MiSeq,AMPLICON,METAGENOMIC,PCR,paired,"Two-step PCR, Nextera XT CDI",460,OSD2-2018_S2_L001_R1_001.fastq.gz,e464dcdfee1b6ff7fa035a3afd8fa56eee07205434ba56deec7d87a53c30df04,OSD2-2018_S2_L001_R2_001.fastq.gz,5ee3e635f8b4239d8c45a3c34aa62b9c24fcba717fccb66d89446fdb9a8164e3,SHA-256
1,OSD4_2018-06_1_NPL022,OSD4_2018-06,OSD4_2018-06_NPL022_1,surface water sample from the Tyrrhenian Sea,water,https://www.ncbi.nlm.nih.gov/Taxonomy/Browser/wwwtax.cgi?id=408172,18S,SAMEA7392481,PRJEB40759,Illumina_MiSeq,AMPLICON,METAGENOMIC,PCR,paired,"Two-step PCR, Nextera XT CDI",180,OSD4-2018_S99_L001_R1_001.fastq.gz,1f3ebef27cef9c37b86cb989725aa9f9a0dae8ec0b16e4b77c098e18a0cd039e,OSD4-2018_S99_L001_R2_001.fastq.gz,d2d99b74c457ee4455802e877800c71389350175b15e765f93ba9694639006a8,
1,OSD4_2018-06_1_NPL022,OSD4_2018-06,OSD4_2018-06_NPL022_1,surface water sample from the Tyrrhenian Sea,water,https://www.ncbi.nlm.nih.gov/Taxonomy/Browser/wwwtax.cgi?id=408172,metagenome,SAMEA7392481,PRJEB40760,NovaSeq 6000,WGS,METAGENOMIC,RANDOM,paired,"PCR-plus, single index",376,CRC_ABOSDA_4_1_HYLGGDSXX.12BA013_clean.fastq.gz,ffe9e6d5a035e3e418bca4b7e5c31e2e,CRC_ABOSDA_4_2_HYLGGDSXX.12BA013_clean.fastq.gz,58b2eeba2c89c251c4e554cedf52e907,Md5
1,OSD4_2018-06_1_NPL022,OSD4_2018-06,OSD4_2018-06_NPL022_1,surface water sample from the Tyrrhenian Sea,water,https://www.ncbi.nlm.nih.gov/Taxonomy/Browser/wwwtax.cgi?id=408172,16S,SAMEA7392481,PRJEB40757,Illumina_MiSeq,AMPLICON,METAGENOMIC,PCR,paired,"Two-step PCR, Nextera XT CDI",460,OSD4-2018_S3_L001_R1_001.fastq.gz,17d2e72363aa5bfec2cfd1a6da20480678107e22b431ac929e1a51536c29dddb,OSD4-2018_S3_L001_R2_001.fastq.gz,75978828bb532437887c1c84db72ce9f3ed0a63a609b925729628eb34f9fcdaa,SHA-256
1,OSD5_2018-06_1_NPL022,OSD5_2018-06,OSD5_2018-06_NPL022_1,surface water sample from the Cretan Sea,water,https://www.ncbi.nlm.nih.gov/Taxonomy/Browser/wwwtax.cgi?id=408172,18S,SAMEA7392480,PRJEB40759,Illumina_MiSeq,AMPLICON,METAGENOMIC,PCR,paired,"Two-step PCR, Nextera XT CDI",180,OSD5-2018_S100_L001_R1_001.fastq.gz,bb47760071fb86f71237d1706d76c4e0a0384dc1eacdb98a92ccde45398adca1,OSD5-2018_S100_L001_R2_001.fastq.gz,3ad60b639a90ff205fbf40c49f2e4fd9e831123d910624349ac0b78d5d7c9359,
1,OSD5_2018-06_1_NPL022,OSD5_2018-06,OSD5_2018-06_NPL022_1,surface water sample from the Cretan Sea,water,https://www.ncbi.nlm.nih.gov/Taxonomy/Browser/wwwtax.cgi?id=408172,metagenome,SAMEA7392480,PRJEB40760,NovaSeq 6000,WGS,METAGENOMIC,RANDOM,paired,"PCR-plus, single index",376,CRC_ACOSDA_3_1_HYLGGDSXX.12BA025_clean.fastq.gz,c255a1811e7f578f08278ca4cece2fca,CRC_ACOSDA_3_2_HYLGGDSXX.12BA025_clean.fastq.gz,02b137ec5d6942779a84cfee57a87ae2,Md5
1,OSD5_2018-06_1_NPL022,OSD5_2018-06,OSD5_2018-06_NPL022_1,surface water sample from the Cretan Sea,water,https://www.ncbi.nlm.nih.gov/Taxonomy/Browser/wwwtax.cgi?id=408172,16S,SAMEA7392480,PRJEB40757,Illumina_MiSeq,AMPLICON,METAGENOMIC,PCR,paired,"Two-step PCR, Nextera XT CDI",460,OSD5-2018_S4_L001_R1_001.fastq.gz,a5cc208d1207c619f1f9c37b753bf9f76eb177231002316ab48999d524ee0df0,OSD5-2018_S4_L001_R2_001.fastq.gz,41479a7ee601d0af5a3f9e6d68383f4db2b4c2693913a07b562a0edade55251d,SHA-256
1,OSD13_2018-06_1_NPL022,OSD13_2018-06,OSD13_2018-06_NPL022_1,surface water sample from the Black Sea,water,https://www.ncbi.nlm.nih.gov/Taxonomy/Browser/wwwtax.cgi?id=408172,18S,SAMEA7392479,PRJEB40759,Illumina_MiSeq,AMPLICON,METAGENOMIC,PCR,paired,"Two-step PCR, Nextera XT CDI",180,OSD13-2018_S101_L001_R1_001.fastq.gz,d8a915193971cff3eb21b84a565d2535f2a71f71a8ec3954ea66871aea37b4bc,OSD13-2018_S101_L001_R2_001.fastq.gz,6e2f92c96a2f1a3e1ce48a1bfc4cd273e86206709311815c752124ad8b1cdbea,
1,OSD13_2018-06_1_NPL022,OSD13_2018-06,OSD13_2018-06_NPL022_1,surface water sample from the Black Sea,water,https://www.ncbi.nlm.nih.gov/Taxonomy/Browser/wwwtax.cgi?id=408172,metagenome,SAMEA7392479,PRJEB40760,NovaSeq 6000,WGS,METAGENOMIC,RANDOM,paired,"PCR-plus, single index",376,CRC_ADOSDA_3_1_HYLGGDSXX.12BA037_clean.fastq.gz,03734e968bad0b979f89c3ec6b37ddd9,CRC_ADOSDA_3_2_HYLGGDSXX.12BA037_clean.fastq.gz,975ea1ed86b2a266494e1699c6952a76,Md5
1,OSD13_2018-06_1_NPL022,OSD13_2018-06,OSD13_2018-06_NPL022_1,surface water sample from the Black Sea,water,https://www.ncbi.nlm.nih.gov/Taxonomy/Browser/wwwtax.cgi?id=408172,16S,SAMEA7392479,PRJEB40757,Illumina_MiSeq,AMPLICON,METAGENOMIC,PCR,paired,"Two-step PCR, Nextera XT CDI",460,OSD13-2018_S5_L001_R1_001.fastq.gz,789719820e80f7757e0228f00e7c4852ea6ee29baf2c6dc680718075674cd2e8,OSD13-2018_S5_L001_R2_001.fastq.gz,6cbd7bbbcb8f214e94d1354ec04a94128c8ed6110a2918aba36fafc803342e24,SHA-256
1,OSD14_2018-06_1_NPL022,OSD14_2018-06,OSD14_2018-06_NPL022_1,surface water sample from the Coastal Lagoon in Languedoc-Roussillon ,water,https://www.ncbi.nlm.nih.gov/Taxonomy/Browser/wwwtax.cgi?id=408172,18S,SAMEA7392478,PRJEB40759,Illumina_MiSeq,AMPLICON,METAGENOMIC,PCR,paired,"Two-step PCR, Nextera XT CDI",180,OSD14-2018b_S108_L001_R1_001.fastq.gz,32f7499a8b43492fd69a74efd2f15ccd921b14d047ade74b0841b3c8aacf305d,OSD14-2018b_S108_L001_R2_001.fastq.gz,47ab88b39ab8167bce2154af9f781ec2041aa085269affaa20069dc008092572,
1,OSD14_2018-06_1_NPL022,OSD14_2018-06,OSD14_2018-06_NPL022_1,surface water sample from the Coastal Lagoon in Languedoc-Roussillon ,water,https://www.ncbi.nlm.nih.gov/Taxonomy/Browser/wwwtax.cgi?id=408172,metagenome,SAMEA7392478,PRJEB40760,NovaSeq 6000,WGS,METAGENOMIC,RANDOM,paired,"PCR-plus, single index",376,CRC_AEOSDA_4_1_HYLGGDSXX.12BA049_clean.fastq.gz,5286c2a31b951670d47eb6d43d336840,CRC_AEOSDA_4_2_HYLGGDSXX.12BA049_clean.fastq.gz,1596144b55aa4c91121dab0094612863,Md5
1,OSD14_2018-06_1_NPL022,OSD14_2018-06,OSD14_2018-06_NPL022_1,surface water sample from the Coastal Lagoon in Languedoc-Roussillon ,water,https://www.ncbi.nlm.nih.gov/Taxonomy/Browser/wwwtax.cgi?id=408172,16S,SAMEA7392478,PRJEB40757,Illumina_MiSeq,AMPLICON,METAGENOMIC,PCR,paired,"Two-step PCR, Nextera XT CDI",460,OSD14-2018_S12_L001_R1_001.fastq.gz,6dc9a0df9f528ff1cbe2880f1e1f79a0e0501ee9ca1030d97c9a9da0eaf57666,OSD14-2018_S12_L001_R2_001.fastq.gz,54a1d06a636cb7c83b58619abe8cfde82a1d6398a526306689f3847ca219a8f5,SHA-256
1,OSD17_2018-06_1_NPL022,OSD17_2018-06,OSD17_2018-06_NPL022_1,surface water sample from the North Sea,water,https://www.ncbi.nlm.nih.gov/Taxonomy/Browser/wwwtax.cgi?id=408172,18S,SAMEA7392477,PRJEB40759,Illumina_MiSeq,AMPLICON,METAGENOMIC,PCR,paired,"Two-step PCR, Nextera XT CDI",180,OSD17-2018_S111_L001_R1_001.fastq.gz,24f55c19c8151413e7fe53c435846ab9067fe368188e3d7a5d31147c4e2c3cfe,OSD17-2018_S111_L001_R2_001.fastq.gz,3972b68a0a92a46b9c4b52ea161226dca541b589eaec6b52022403b14e0ecd81,
1,OSD17_2018-06_1_NPL022,OSD17_2018-06,OSD17_2018-06_NPL022_1,surface water sample from the North Sea,water,https://www.ncbi.nlm.nih.gov/Taxonomy/Browser/wwwtax.cgi?id=408172,metagenome,SAMEA7392477,PRJEB40760,NovaSeq 6000,WGS,METAGENOMIC,RANDOM,paired,"PCR-plus, single index",376,CRC_AFOSDA_3_1_HYLGGDSXX.12BA061_clean.fastq.gz,fcc54685c1c7cc6f89d7d8cdf350af12,CRC_AFOSDA_3_2_HYLGGDSXX.12BA061_clean.fastq.gz,bff9de722a7e37614f89edb45e98984a,Md5
1,OSD17_2018-06_1_NPL022,OSD17_2018-06,OSD17_2018-06_NPL022_1,surface water sample from the North Sea,water,https://www.ncbi.nlm.nih.gov/Taxonomy/Browser/wwwtax.cgi?id=408172,16S,SAMEA7392477,PRJEB40757,Illumina_MiSeq,AMPLICON,METAGENOMIC,PCR,paired,"Two-step PCR, Nextera XT CDI",460,OSD17-2018_S15_L001_R1_001.fastq.gz,6fb136e716e73f5bbd1c02517b9ece417c74f552d2af9f8106e9bce4fe51a591,OSD17-2018_S15_L001_R2_001.fastq.gz,4ed98e900ac3754dd7b5e69d953f65ec393593fd45da0d75c911806c4b9ec8a0,SHA-256
0,OSD18_2018-06_1_NPL022,OSD18_2018-06,OSD18_2018-06_NPL022_1,water sample from the Cilician Basin,water,https://www.ncbi.nlm.nih.gov/Taxonomy/Browser/wwwtax.cgi?id=408172,18S,SAMEA7392476,PRJEB40759,Illumina_MiSeq,AMPLICON,METAGENOMIC,PCR,paired,"Two-step PCR, Nextera XT CDI",180,OSD18-2018_S112_L001_R1_001.fastq.gz,d60b56d2b1ec2fb20c957dad4f2aecfd683b451323a2bf9ec5bf499d00232382,OSD18-2018_S112_L001_R2_001.fastq.gz,913366f31bf0856a336de9416741de053f8f2a5e32fdc9537c02aea4a3baa85c,
0,OSD18_2018-06_1_NPL022,OSD18_2018-06,OSD18_2018-06_NPL022_1,water sample from the Cilician Basin,water,https://www.ncbi.nlm.nih.gov/Taxonomy/Browser/wwwtax.cgi?id=408172,metagenome,SAMEA7392476,PRJEB40760,NovaSeq 6000,WGS,METAGENOMIC,RANDOM,paired,"PCR-plus, single index",376,CRC_AGOSDA_3_1_HYLGGDSXX.12BA073_clean.fastq.gz,64110c2306fd4dd898efd3a03463e31b,CRC_AGOSDA_3_2_HYLGGDSXX.12BA073_clean.fastq.gz,014ced61baa101192b77ef3e608a83d2,Md5
0,OSD18_2018-06_1_NPL022,OSD18_2018-06,OSD18_2018-06_NPL022_1,water sample from the Cilician Basin,water,https://www.ncbi.nlm.nih.gov/Taxonomy/Browser/wwwtax.cgi?id=408172,16S,SAMEA7392476,PRJEB40757,Illumina_MiSeq,AMPLICON,METAGENOMIC,PCR,paired,"Two-step PCR, Nextera XT CDI",460,OSD18-2018_S16_L001_R1_001.fastq.gz,00923355d4f39bc162c4bfbc6e6c27c29c44786c3ae0750e12e799253fde0a65,OSD18-2018_S16_L001_R2_001.fastq.gz,d16781e9545d57ca24affd699b0f477e4b5c18297cf94e0ad69256a928d18ebc,SHA-256
1,OSD22_2018-06_1_NPL022,OSD22_2018-06,OSD22_2018-06_NPL022_1,surface water sample from the Bay of Marseille,water,https://www.ncbi.nlm.nih.gov/Taxonomy/Browser/wwwtax.cgi?id=408172,18S,SAMEA7392475,PRJEB40759,Illumina_MiSeq,AMPLICON,METAGENOMIC,PCR,paired,"Two-step PCR, Nextera XT CDI",180,OSD22-2018_S113_L001_R1_001.fastq.gz,329ab82defe83a87be8a5e4a2d3db9e30557a2869d20853624bfee8481cb6549,OSD22-2018_S113_L001_R2_001.fastq.gz,a0147745764bf743d69f57cd7b6a72b33c67b765aebc90696bba509c16dc22d2,
1,OSD22_2018-06_1_NPL022,OSD22_2018-06,OSD22_2018-06_NPL022_1,surface water sample from the Bay of Marseille,water,https://www.ncbi.nlm.nih.gov/Taxonomy/Browser/wwwtax.cgi?id=408172,metagenome,SAMEA7392475,PRJEB40760,NovaSeq 6000,WGS,METAGENOMIC,RANDOM,paired,"PCR-plus, single index",376,CRC_AHOSDA_3_1_HYLGGDSXX.12BA085_clean.fastq.gz,32890ea022ccbd6d835e20f37c1fe68c,CRC_AHOSDA_3_2_HYLGGDSXX.12BA085_clean.fastq.gz,fcba6ccaa903d2e702a413a42aea4d35,Md5
1,OSD22_2018-06_1_NPL022,OSD22_2018-06,OSD22_2018-06_NPL022_1,surface water sample from the Bay of Marseille,water,https://www.ncbi.nlm.nih.gov/Taxonomy/Browser/wwwtax.cgi?id=408172,16S,SAMEA7392475,PRJEB40757,Illumina_MiSeq,AMPLICON,METAGENOMIC,PCR,paired,"Two-step PCR, Nextera XT CDI",460,OSD22-2018_S17_L001_R1_001.fastq.gz,fbea2bd70dd743d25753bc8d62a55bff68d9d229eb3b8cfebc93547fc5708954,OSD22-2018_S17_L001_R2_001.fastq.gz,ab1540fc10dc68d3f4380e1a6e49531b7136957251066044d4a95007f94f2935,SHA-256
1,OSD24_2018-06_1_NPL022,OSD24_2018-06,OSD24_2018-06_NPL022_1,surface water sample from the Mediterranean Sea,water,https://www.ncbi.nlm.nih.gov/Taxonomy/Browser/wwwtax.cgi?id=408172,16S,SAMEA7392474,PRJEB40757,Illumina_MiSeq,AMPLICON,METAGENOMIC,PCR,paired,"Two-step PCR, Nextera XT CDI",460,OSD24-2018_S18_L001_R1_001.fastq.gz,3c9a9a90243621a6d9c78d8d322e797827fb16b328200c0b58c84a1aaf029e65,OSD24-2018_S18_L001_R2_001.fastq.gz,17613bb41dc15261bbe4799542a4e061389ef760e858ed1df1967cc2065ca2d4,SHA-256
1,OSD26_2018-06_1_NPL022,OSD26_2018-06,OSD26_2018-06_NPL022_1,surface water sample from the Mediterranean Sea,water,https://www.ncbi.nlm.nih.gov/Taxonomy/Browser/wwwtax.cgi?id=408172,18S,SAMEA7392473,PRJEB40759,Illumina_MiSeq,AMPLICON,METAGENOMIC,PCR,paired,"Two-step PCR, Nextera XT CDI",180,OSD26-2018_S115_L001_R1_001.fastq.gz,0e53e1669ab61786e2503651d92699d131941db9726543c7b116468ba673495f,OSD26-2018_S115_L001_R2_001.fastq.gz,e1d4c6506b1c786ddd6f88a59782ec5ab6cc1fe5aaef720b5872459e59b2854b,
1,OSD26_2018-06_1_NPL022,OSD26_2018-06,OSD26_2018-06_NPL022_1,surface water sample from the Mediterranean Sea,water,https://www.ncbi.nlm.nih.gov/Taxonomy/Browser/wwwtax.cgi?id=408172,metagenome,SAMEA7392473,PRJEB40760,NovaSeq 6000,WGS,METAGENOMIC,RANDOM,paired,"PCR-plus, single index",376,CRC_AIOSDA_4_1_HYLGGDSXX.12BA112_clean.fastq.gz,288c2d5e005489afced38b6138e382e7,CRC_AIOSDA_4_2_HYLGGDSXX.12BA112_clean.fastq.gz,7b2c6f96721e934b08b3fde8c18467aa,Md5
1,OSD26_2018-06_1_NPL022,OSD26_2018-06,OSD26_2018-06_NPL022_1,surface water sample from the Mediterranean Sea,water,https://www.ncbi.nlm.nih.gov/Taxonomy/Browser/wwwtax.cgi?id=408172,16S,SAMEA7392473,PRJEB40757,Illumina_MiSeq,AMPLICON,METAGENOMIC,PCR,paired,"Two-step PCR, Nextera XT CDI",460,OSD26-2018_S19_L001_R1_001.fastq.gz,413d13f4c4b4cb48cd033a4b2fedb3ddd11a33f572bdafbc4285913b64d98cd3,OSD26-2018_S19_L001_R2_001.fastq.gz,dd30d872c7978f6760254eb1ab38d69d7ad328eb3f70b385315828b8de185124,SHA-256
1,OSD30_2018-06_1_NPL022,OSD30_2018-06,OSD30_2018-06_NPL022_1,surface water sample from the Baltic Sea,water,https://www.ncbi.nlm.nih.gov/Taxonomy/Browser/wwwtax.cgi?id=408172,16S,SAMEA7392472,PRJEB40757,Illumina_MiSeq,AMPLICON,METAGENOMIC,PCR,paired,"Two-step PCR, Nextera XT CDI",460,OSD30-2018_S20_L001_R1_001.fastq.gz,56a1688c410e01b8db4bed899b94b6097cac085abdcf32390484b6e7b5e256bf,OSD30-2018_S20_L001_R2_001.fastq.gz,cf8e02864f51645062c78a2c3b7f113086966b4017e98624eb2054d6d9581d0f,SHA-256
1,OSD39_2018-06_1_NPL022,OSD39_2018-06,OSD39_2018-06_NPL022_1,surface water sample from the Charleston Harbor,water,https://www.ncbi.nlm.nih.gov/Taxonomy/Browser/wwwtax.cgi?id=408172,18S,SAMEA7392471,PRJEB40759,Illumina_MiSeq,AMPLICON,METAGENOMIC,PCR,paired,"Two-step PCR, Nextera XT CDI",180,OSD39-2018_S117_L001_R1_001.fastq.gz,3867117a6737e70889d95fa1b67b30e63e66f8a10eef70ffc9a1a4e74245bff2,OSD39-2018_S117_L001_R2_001.fastq.gz,50ccd902541b67232144564ea5248c31fde4d6323c4781084860bdec9eb562a8,
1,OSD39_2018-06_1_NPL022,OSD39_2018-06,OSD39_2018-06_NPL022_1,surface water sample from the Charleston Harbor,water,https://www.ncbi.nlm.nih.gov/Taxonomy/Browser/wwwtax.cgi?id=408172,metagenome,SAMEA7392471,PRJEB40760,NovaSeq 6000,WGS,METAGENOMIC,RANDOM,paired,"PCR-plus, single index",376,CRC_AJOSDA_3_1_HYLGGDSXX.12BA002_clean.fastq.gz,8817762f5df20e3e47efa2fa1598e6d3,CRC_AJOSDA_3_2_HYLGGDSXX.12BA002_clean.fastq.gz,6aaeade6bfe1a1c5be5464a0096a5fda,Md5
1,OSD39_2018-06_1_NPL022,OSD39_2018-06,OSD39_2018-06_NPL022_1,surface water sample from the Charleston Harbor,water,https://www.ncbi.nlm.nih.gov/Taxonomy/Browser/wwwtax.cgi?id=408172,16S,SAMEA7392471,PRJEB40757,Illumina_MiSeq,AMPLICON,METAGENOMIC,PCR,paired,"Two-step PCR, Nextera XT CDI",460,OSD39-2018_S21_L001_R1_001.fastq.gz,9d39caa60916dbb53f6e0fc45b7a35d6ade35379cb078c6b3ae0b6b9da2e0b36,OSD39-2018_S21_L001_R2_001.fastq.gz,b8cbec7a1ffd1057812afa1d83ad5960d7955fcb4bc201db78a4413eb08fcce5,SHA-256
1,OSD43_2018-06_1_NPL022,OSD43_2018-06,OSD43_2018-06_NPL022_1,surface water sample from the Coastal Pacific Ocean,water,https://www.ncbi.nlm.nih.gov/Taxonomy/Browser/wwwtax.cgi?id=408172,18S,SAMEA7392470,PRJEB40759,Illumina_MiSeq,AMPLICON,METAGENOMIC,PCR,paired,"Two-step PCR, Nextera XT CDI",180,OSD43-2018_S124_L001_R1_001.fastq.gz,20210be6e9bd14a1a6eaf8d6bf548278130bf7968020cb1e8ff491a9bd7bf7b1,OSD43-2018_S124_L001_R2_001.fastq.gz,d9387f2ed07dbd431d6a4c9c7b102d9142a86beeda5c013ca6673a3e3121f4c7,
1,OSD43_2018-06_1_NPL022,OSD43_2018-06,OSD43_2018-06_NPL022_1,surface water sample from the Coastal Pacific Ocean,water,https://www.ncbi.nlm.nih.gov/Taxonomy/Browser/wwwtax.cgi?id=408172,metagenome,SAMEA7392470,PRJEB40760,NovaSeq 6000,WGS,METAGENOMIC,RANDOM,paired,"PCR-plus, single index",376,CRC_AKOSDA_3_1_HYLGGDSXX.12BA014_clean.fastq.gz,454ab173465646c92d2cf7ee21f9cf28,CRC_AKOSDA_3_2_HYLGGDSXX.12BA014_clean.fastq.gz,fa2ec12b230f064126ca9cdd65e47114,Md5
1,OSD43_2018-06_1_NPL022,OSD43_2018-06,OSD43_2018-06_NPL022_1,surface water sample from the Coastal Pacific Ocean,water,https://www.ncbi.nlm.nih.gov/Taxonomy/Browser/wwwtax.cgi?id=408172,16S,SAMEA7392470,PRJEB40757,Illumina_MiSeq,AMPLICON,METAGENOMIC,PCR,paired,"Two-step PCR, Nextera XT CDI",460,OSD43-2018_S28_L001_R1_001.fastq.gz,bead1652fb5942010c1c98698e6d8bfbfea4e263a8e20a972ac7e018a4cf1bab,OSD43-2018_S28_L001_R2_001.fastq.gz,3e90064b194b88e1a7cb24297307847cf415685674cfa1d9a94357b79c8ef2b6,SHA-256
1,OSD47_2018-06_1_NPL022,OSD47_2018-06,OSD47_2018-06_NPL022_1,surface water sample from the Adriatic Sea,water,https://www.ncbi.nlm.nih.gov/Taxonomy/Browser/wwwtax.cgi?id=408172,18S,SAMEA7392469,PRJEB40759,Illumina_MiSeq,AMPLICON,METAGENOMIC,PCR,paired,"Two-step PCR, Nextera XT CDI",180,OSD47-2018_S127_L001_R1_001.fastq.gz,cf3c8f8582e68d03f73187f7cf3c19dbb9beb14094e18c65ab5a1148f6be6fc0,OSD47-2018_S127_L001_R2_001.fastq.gz,0e410b29c9a5054be9d75dc346e7bedace1f0ae35708fbd2edac95e443071fba,
1,OSD47_2018-06_1_NPL022,OSD47_2018-06,OSD47_2018-06_NPL022_1,surface water sample from the Adriatic Sea,water,https://www.ncbi.nlm.nih.gov/Taxonomy/Browser/wwwtax.cgi?id=408172,metagenome,SAMEA7392469,PRJEB40760,NovaSeq 6000,WGS,METAGENOMIC,RANDOM,paired,"PCR-plus, single index",376,CRC_ALOSDA_3_1_HYLGGDSXX.12BA026_clean.fastq.gz,559cfa7dea48425fa2c99c204c7afd8b,CRC_ALOSDA_3_2_HYLGGDSXX.12BA026_clean.fastq.gz,5d089e9f95893da8b13d3d36ee76b841,Md5
1,OSD47_2018-06_1_NPL022,OSD47_2018-06,OSD47_2018-06_NPL022_1,surface water sample from the Adriatic Sea,water,https://www.ncbi.nlm.nih.gov/Taxonomy/Browser/wwwtax.cgi?id=408172,16S,SAMEA7392469,PRJEB40757,Illumina_MiSeq,AMPLICON,METAGENOMIC,PCR,paired,"Two-step PCR, Nextera XT CDI",460,OSD47-2018_S31_L001_R1_001.fastq.gz,605e4b49369c9221addf7eeddf5876ca67e7953f678e346c38c09cfa996163f2,OSD47-2018_S31_L001_R2_001.fastq.gz,91d9028e3220eae1b726936fcfa7fa3775ed16e72423b60d54c1a2b5387c6971,SHA-256
1,OSD48_2018-06_1_NPL022,OSD48_2018-06,OSD48_2018-06_NPL022_1,surface water sample from the Adriatic Sea,water,https://www.ncbi.nlm.nih.gov/Taxonomy/Browser/wwwtax.cgi?id=408172,18S,SAMEA7392468,PRJEB40759,Illumina_MiSeq,AMPLICON,METAGENOMIC,PCR,paired,"Two-step PCR, Nextera XT CDI",180,OSD48-2018_S128_L001_R1_001.fastq.gz,229e67cf68f7e6790bf3c90d24301bb3947e0cd913f2e9252050973be9cb818d,OSD48-2018_S128_L001_R2_001.fastq.gz,fd4c3bbf7b5d3a399edba59543adbc6386c2e6e4306996107d8bf0def255105f,
1,OSD48_2018-06_1_NPL022,OSD48_2018-06,OSD48_2018-06_NPL022_1,surface water sample from the Adriatic Sea,water,https://www.ncbi.nlm.nih.gov/Taxonomy/Browser/wwwtax.cgi?id=408172,metagenome,SAMEA7392468,PRJEB40760,NovaSeq 6000,WGS,METAGENOMIC,RANDOM,paired,"PCR-plus, single index",376,CRC_AMOSDA_4_1_HYLGGDSXX.12BA113_clean.fastq.gz,9852ed9db44cc67b37a8a879bbe2edaf,CRC_AMOSDA_4_2_HYLGGDSXX.12BA113_clean.fastq.gz,c22c7ed2093c6f89da3ea75001c900a0,Md5
1,OSD48_2018-06_1_NPL022,OSD48_2018-06,OSD48_2018-06_NPL022_1,surface water sample from the Adriatic Sea,water,https://www.ncbi.nlm.nih.gov/Taxonomy/Browser/wwwtax.cgi?id=408172,16S,SAMEA7392468,PRJEB40757,Illumina_MiSeq,AMPLICON,METAGENOMIC,PCR,paired,"Two-step PCR, Nextera XT CDI",460,OSD48-2018_S32_L001_R1_001.fastq.gz,5b24c59d09c74c0f5eeea0fa747cfb9ba9a5cb92f585675b8c406fe5f9f933c3,OSD48-2018_S32_L001_R2_001.fastq.gz,502863877a04381e94ad620aec4c60d19580174a7224a40189d8645daf19beb4,SHA-256
1,OSD54_2018-06_1_NPL022,OSD54_2018-06,OSD54_2018-06_NPL022_1,surface water sample from the Gulf of Maine,water,https://www.ncbi.nlm.nih.gov/Taxonomy/Browser/wwwtax.cgi?id=408172,18S,SAMEA7392467,PRJEB40759,Illumina_MiSeq,AMPLICON,METAGENOMIC,PCR,paired,"Two-step PCR, Nextera XT CDI",180,OSD54-2018_S130_L001_R1_001.fastq.gz,bdc23dff06e2fcc065c0abda33020de41709eca9ab8472cb8362b3e89dc015ca,OSD54-2018_S130_L001_R2_001.fastq.gz,1121459db852046e49d6aaee413e1e73915f18e29890446525ce42915fc4dc75,
1,OSD54_2018-06_1_NPL022,OSD54_2018-06,OSD54_2018-06_NPL022_1,surface water sample from the Gulf of Maine,water,https://www.ncbi.nlm.nih.gov/Taxonomy/Browser/wwwtax.cgi?id=408172,16S,SAMEA7392467,PRJEB40757,Illumina_MiSeq,AMPLICON,METAGENOMIC,PCR,paired,"Two-step PCR, Nextera XT CDI",460,OSD54-2018_S34_L001_R1_001.fastq.gz,9c3eaa4d8f9fbfdb6ccec37b75c776c85bffcfe1e640c2cd38e7bcbcc557be0b,OSD54-2018_S34_L001_R2_001.fastq.gz,e4eed796d3707ade2e65ca539734f3884303953f5312c42c18a631e1e037d3ad,SHA-256
1,OSD55_2018-06_1_NPL022,OSD55_2018-06,OSD55_2018-06_NPL022_1,surface water sample from the Gulf of Maine,water,https://www.ncbi.nlm.nih.gov/Taxonomy/Browser/wwwtax.cgi?id=408172,18S,SAMEA7392466,PRJEB40759,Illumina_MiSeq,AMPLICON,METAGENOMIC,PCR,paired,"Two-step PCR, Nextera XT CDI",180,OSD55-2018_S131_L001_R1_001.fastq.gz,1d576c80ecd8e020c4fc0f35864c18d51e8c36c216553b609ed96a5749cc08f4,OSD55-2018_S131_L001_R2_001.fastq.gz,adf94001f65ce85aeab3abf5e26d2c4638b2aa422d8d0c4331e4dff2644f11f9,
1,OSD55_2018-06_1_NPL022,OSD55_2018-06,OSD55_2018-06_NPL022_1,surface water sample from the Gulf of Maine,water,https://www.ncbi.nlm.nih.gov/Taxonomy/Browser/wwwtax.cgi?id=408172,16S,SAMEA7392466,PRJEB40757,Illumina_MiSeq,AMPLICON,METAGENOMIC,PCR,paired,"Two-step PCR, Nextera XT CDI",460,OSD55-2018_S35_L001_R1_001.fastq.gz,4b99111f2ab3331f1aeab92d3365baba3cab5eeb23391de8ba1da8e8593e70c6,OSD55-2018_S35_L001_R2_001.fastq.gz,149b4942e2c43f24897ada54d915a2d9ce8855ef8a85007e35f7fb4a9ee8d96c,SHA-256
1,OSD60_2018-06_1_NPL022,OSD60_2018-06,OSD60_2018-06_NPL022_1,surface water sample from the North Inlet in N. Atlantic,water,https://www.ncbi.nlm.nih.gov/Taxonomy/Browser/wwwtax.cgi?id=408172,18S,SAMEA7392465,PRJEB40759,Illumina_MiSeq,AMPLICON,METAGENOMIC,PCR,paired,"Two-step PCR, Nextera XT CDI",180,OSD60-2018_S132_L001_R1_001.fastq.gz,12ad9e9e0eef26448a9bd6233ab99247792d32246abc18271d79f16ea2381139,OSD60-2018_S132_L001_R2_001.fastq.gz,c0f9a0f6d951b6a5fce860f19de04206a490d1956360814853e53d2ff6d16c84,
1,OSD60_2018-06_1_NPL022,OSD60_2018-06,OSD60_2018-06_NPL022_1,surface water sample from the North Inlet in N. Atlantic,water,https://www.ncbi.nlm.nih.gov/Taxonomy/Browser/wwwtax.cgi?id=408172,metagenome,SAMEA7392465,PRJEB40760,NovaSeq 6000,WGS,METAGENOMIC,RANDOM,paired,"PCR-plus, single index",376,CRC_ANOSDA_3_1_HYLGGDSXX.12BA038_clean.fastq.gz,29859311c9bd83e469c4f0f0c3e45096,CRC_ANOSDA_3_2_HYLGGDSXX.12BA038_clean.fastq.gz,0b4592f9f8528e89658b0500fc25902b,Md5
1,OSD60_2018-06_1_NPL022,OSD60_2018-06,OSD60_2018-06_NPL022_1,surface water sample from the North Inlet in N. Atlantic,water,https://www.ncbi.nlm.nih.gov/Taxonomy/Browser/wwwtax.cgi?id=408172,16S,SAMEA7392465,PRJEB40757,Illumina_MiSeq,AMPLICON,METAGENOMIC,PCR,paired,"Two-step PCR, Nextera XT CDI",460,OSD60-2018_S36_L001_R1_001.fastq.gz,e8e5b79b7424e76ae1252dbf2e31b19716826d88ebdbac7a84a16b5a19de21c4,OSD60-2018_S36_L001_R2_001.fastq.gz,0df5e4e32a8d10174d1f13332fbfbbeefeca6d1bc2b05297cf9549b32a0c518e,SHA-256
1,OSD63_2018-06_1_NPL022,OSD63_2018-06,OSD63_2018-06_NPL022_1,surface water sample from the Adriatic Sea,water,https://www.ncbi.nlm.nih.gov/Taxonomy/Browser/wwwtax.cgi?id=408172,18S,SAMEA7392464,PRJEB40759,Illumina_MiSeq,AMPLICON,METAGENOMIC,PCR,paired,"Two-step PCR, Nextera XT CDI",180,OSD63-2018_S133_L001_R1_001.fastq.gz,c37a6cb14beddaabcf305d55737d34df26816c32ea9d6401f9ce8cbff2abdc57,OSD63-2018_S133_L001_R2_001.fastq.gz,af6e049a504b56ce429e03a02a9675567992bfefd5f6893c171c723e2c5420ed,
1,OSD63_2018-06_1_NPL022,OSD63_2018-06,OSD63_2018-06_NPL022_1,surface water sample from the Adriatic Sea,water,https://www.ncbi.nlm.nih.gov/Taxonomy/Browser/wwwtax.cgi?id=408172,16S,SAMEA7392464,PRJEB40757,Illumina_MiSeq,AMPLICON,METAGENOMIC,PCR,paired,"Two-step PCR, Nextera XT CDI",460,OSD63-2018_S37_L001_R1_001.fastq.gz,ffdcb5528ed55e7a79f5a57be15a67be2749fcd5fd990fc64b71b37e06bd47cc,OSD63-2018_S37_L001_R2_001.fastq.gz,12db0eec28d0b335635eb1247936b00b373104daec2fec4e99ab759fb4022081,SHA-256
1,OSD69_2018-06_1_NPL022,OSD69_2018-06,OSD69_2018-06_NPL022_1,surface water sample from the Adriatic Sea,water,https://www.ncbi.nlm.nih.gov/Taxonomy/Browser/wwwtax.cgi?id=408172,18S,SAMEA7392463,PRJEB40759,Illumina_MiSeq,AMPLICON,METAGENOMIC,PCR,paired,"Two-step PCR, Nextera XT CDI",180,OSD69-2018_S140_L001_R1_001.fastq.gz,226c024d4e4ea6889603fa8d0c8f49e0ab447d5034fc4333d09fdc506869f4f0,OSD69-2018_S140_L001_R2_001.fastq.gz,78e3b9514166b96cabe51e447833af8e193e56071adc84221ac7ece1cbb32d92,
1,OSD69_2018-06_1_NPL022,OSD69_2018-06,OSD69_2018-06_NPL022_1,surface water sample from the Adriatic Sea,water,https://www.ncbi.nlm.nih.gov/Taxonomy/Browser/wwwtax.cgi?id=408172,metagenome,SAMEA7392463,PRJEB40760,NovaSeq 6000,WGS,METAGENOMIC,RANDOM,paired,"PCR-plus, single index",376,CRC_AOOSDA_3_1_HYLGGDSXX.12BA050_clean.fastq.gz,eab7e055beec0d60a78fce678cb19221,CRC_AOOSDA_3_2_HYLGGDSXX.12BA050_clean.fastq.gz,0e5978d4fed1ca686117f12f4289b2e1,Md5
1,OSD69_2018-06_1_NPL022,OSD69_2018-06,OSD69_2018-06_NPL022_1,surface water sample from the Adriatic Sea,water,https://www.ncbi.nlm.nih.gov/Taxonomy/Browser/wwwtax.cgi?id=408172,16S,SAMEA7392463,PRJEB40757,Illumina_MiSeq,AMPLICON,METAGENOMIC,PCR,paired,"Two-step PCR, Nextera XT CDI",460,OSD69-2018_S44_L001_R1_001.fastq.gz,74c0e172ab2d0ea66249832fdf6460655c8da5962dfe779f90aa9d55f3636db1,OSD69-2018_S44_L001_R2_001.fastq.gz,314b1a8391ff2d9d20d15cffb2ea57b862763fe1774c7753928d993aea2ff9c0,SHA-256
1,OSD70_2018-06_1_NPL022,OSD70_2018-06,OSD70_2018-06_NPL022_1,surface water sample from the Adriatic Sea,water,https://www.ncbi.nlm.nih.gov/Taxonomy/Browser/wwwtax.cgi?id=408172,18S,SAMEA7392462,PRJEB40759,Illumina_MiSeq,AMPLICON,METAGENOMIC,PCR,paired,"Two-step PCR, Nextera XT CDI",180,OSD70-2018_S143_L001_R1_001.fastq.gz,84195e5f6598016d4f9955fe0e5c1d69f06490d5ed4740f9c7c1340351ff03da,OSD70-2018_S143_L001_R2_001.fastq.gz,b0b2b49846d9007368fe831b22758e7614d4fa8c9e6e6b7de0e7d7fac13bad4c,
1,OSD70_2018-06_1_NPL022,OSD70_2018-06,OSD70_2018-06_NPL022_1,surface water sample from the Adriatic Sea,water,https://www.ncbi.nlm.nih.gov/Taxonomy/Browser/wwwtax.cgi?id=408172,metagenome,SAMEA7392462,PRJEB40760,NovaSeq 6000,WGS,METAGENOMIC,RANDOM,paired,"PCR-plus, single index",376,CRC_APOSDA_3_1_HYLGGDSXX.12BA062_clean.fastq.gz,94100857535b76c35c9539e45c39cabb,CRC_APOSDA_3_2_HYLGGDSXX.12BA062_clean.fastq.gz,5ff5840a1418d367b3655e82f4e2a07e,Md5
1,OSD70_2018-06_1_NPL022,OSD70_2018-06,OSD70_2018-06_NPL022_1,surface water sample from the Adriatic Sea,water,https://www.ncbi.nlm.nih.gov/Taxonomy/Browser/wwwtax.cgi?id=408172,16S,SAMEA7392462,PRJEB40757,Illumina_MiSeq,AMPLICON,METAGENOMIC,PCR,paired,"Two-step PCR, Nextera XT CDI",460,OSD70-2018_S47_L001_R1_001.fastq.gz,dc7706c01bde66f4b84a95583a31b2b31abca3b989e2154a1d0fa47a530865a8,OSD70-2018_S47_L001_R2_001.fastq.gz,fba4349253f0eae1982697d6f9b2697f7ce16bfcab4ddeba0ea3f0a6d01c457a,SHA-256
1,OSD74_2018-06_1_NPL022,OSD74_2018-06,OSD74_2018-06_NPL022_1,surface water sample from the NE Atlantic,water,https://www.ncbi.nlm.nih.gov/Taxonomy/Browser/wwwtax.cgi?id=408172,18S,SAMEA7392461,PRJEB40759,Illumina_MiSeq,AMPLICON,METAGENOMIC,PCR,paired,"Two-step PCR, Nextera XT CDI",180,OSD74-2018_S144_L001_R1_001.fastq.gz,21d4cd018a5002b497d4afd39ddbad178db39526f0ef4a5965198a4e87352eab,OSD74-2018_S144_L001_R2_001.fastq.gz,fc536505150a0a2ca30047f59204f946c2aaee31f0c7ae848f2d8ab6cad5101e,
1,OSD74_2018-06_1_NPL022,OSD74_2018-06,OSD74_2018-06_NPL022_1,surface water sample from the NE Atlantic,water,https://www.ncbi.nlm.nih.gov/Taxonomy/Browser/wwwtax.cgi?id=408172,metagenome,SAMEA7392461,PRJEB40760,NovaSeq 6000,WGS,METAGENOMIC,RANDOM,paired,"PCR-plus, single index",376,CRC_AQOSDA_3_1_HYLGGDSXX.12BA074_clean.fastq.gz,2d3380256d4bcf495ec8ea96ebef6fb9,CRC_AQOSDA_3_2_HYLGGDSXX.12BA074_clean.fastq.gz,887f426dd8a1bc9a6f4fe632f47274ed,Md5
1,OSD74_2018-06_1_NPL022,OSD74_2018-06,OSD74_2018-06_NPL022_1,surface water sample from the NE Atlantic,water,https://www.ncbi.nlm.nih.gov/Taxonomy/Browser/wwwtax.cgi?id=408172,16S,SAMEA7392461,PRJEB40757,Illumina_MiSeq,AMPLICON,METAGENOMIC,PCR,paired,"Two-step PCR, Nextera XT CDI",460,OSD74-2018_S48_L001_R1_001.fastq.gz,f2add5317a350ce8af14839b6d9d1d5d14e0d1b7b27303d7dfa8acbb5f227ebe,OSD74-2018_S48_L001_R2_001.fastq.gz,c591694eacf78bcb156f9b24cc2b42dc15fdf22db3aa64d12cacfc28a30c0d20,SHA-256
1,OSD78_2018-06_1_NPL022,OSD78_2018-06,OSD78_2018-06_NPL022_1,surface water sample from the Adriatic Sea,water,https://www.ncbi.nlm.nih.gov/Taxonomy/Browser/wwwtax.cgi?id=408172,18S,SAMEA7392460,PRJEB40759,Illumina_MiSeq,AMPLICON,METAGENOMIC,PCR,paired,"Two-step PCR, Nextera XT CDI",180,OSD78-2018_S147_L001_R1_001.fastq.gz,fb398f2c059b71451178cc40fe3f09057be540454c81fef5d401cfc6af2eab08,OSD78-2018_S147_L001_R2_001.fastq.gz,52dccf0e8be76f86f2f9e3947a25d5ce89c2c9dc1c137a9431074b5e6899d4a0,
1,OSD78_2018-06_1_NPL022,OSD78_2018-06,OSD78_2018-06_NPL022_1,surface water sample from the Adriatic Sea,water,https://www.ncbi.nlm.nih.gov/Taxonomy/Browser/wwwtax.cgi?id=408172,metagenome,SAMEA7392460,PRJEB40760,NovaSeq 6000,WGS,METAGENOMIC,RANDOM,paired,"PCR-plus, single index",376,CRC_AROSDA_4_1_HYLGGDSXX.12BA086_clean.fastq.gz,aac95d0ae4f6e0112e9d0c4126c855ca,CRC_AROSDA_4_2_HYLGGDSXX.12BA086_clean.fastq.gz,1502cb88a8c829e8ccf10f456bd2783e,Md5
1,OSD78_2018-06_1_NPL022,OSD78_2018-06,OSD78_2018-06_NPL022_1,surface water sample from the Adriatic Sea,water,https://www.ncbi.nlm.nih.gov/Taxonomy/Browser/wwwtax.cgi?id=408172,16S,SAMEA7392460,PRJEB40757,Illumina_MiSeq,AMPLICON,METAGENOMIC,PCR,paired,"Two-step PCR, Nextera XT CDI",460,OSD78-2018_S51_L001_R1_001.fastq.gz,af764873e77f1093bb3bb5c506ec3bb514594b74b0d1f4ed64e93782227e5802,OSD78-2018_S51_L001_R2_001.fastq.gz,ecddd39efd2099fb1b5d8f526fc2fef6a574289754dc9b0b28b0108cc39c19f1,SHA-256
1,OSD81_2018-06_1_NPL022,OSD81_2018-06,OSD81_2018-06_NPL022_1,surface water sample from the Ria Formosa Lagoon,water,https://www.ncbi.nlm.nih.gov/Taxonomy/Browser/wwwtax.cgi?id=408172,metagenome,SAMEA7392459,PRJEB40760,NovaSeq 6000,WGS,METAGENOMIC,RANDOM,paired,"PCR-plus, single index",376,CRC_ASOSDA_3_1_HYLGGDSXX.12BA003_clean.fastq.gz,4682d7f6ff63928a81b4b46cf3bfee76,CRC_ASOSDA_3_2_HYLGGDSXX.12BA003_clean.fastq.gz,bceeba56317e8d3887901d414cb29658,Md5
1,OSD81_2018-06_1_NPL022,OSD81_2018-06,OSD81_2018-06_NPL022_1,surface water sample from the Ria Formosa Lagoon,water,https://www.ncbi.nlm.nih.gov/Taxonomy/Browser/wwwtax.cgi?id=408172,16S,SAMEA7392459,PRJEB40757,Illumina_MiSeq,AMPLICON,METAGENOMIC,PCR,paired,"Two-step PCR, Nextera XT CDI",460,OSD81-2018_S52_L001_R1_001.fastq.gz,516bc3d73e192707c6a0e8999733fb9c688ce440c5f2145d4447d03a15e60024,OSD81-2018_S52_L001_R2_001.fastq.gz,d16962e9062bcedb6ea7ba6f3b3da604273d13cd4a50669d0786e24c2c0bd687,SHA-256
1,OSD88_2018-06_1_NPL022,OSD88_2018-06,OSD88_2018-06_NPL022_1,surface water sample from the Atlantic Ocean,water,https://www.ncbi.nlm.nih.gov/Taxonomy/Browser/wwwtax.cgi?id=408172,18S,SAMEA7392458,PRJEB40759,Illumina_MiSeq,AMPLICON,METAGENOMIC,PCR,paired,"Two-step PCR, Nextera XT CDI",180,OSD88-2018_S149_L001_R1_001.fastq.gz,9f23a7eaba64ea731547f87025781143a7b5b84159c5ae536260efc89a94a2d0,OSD88-2018_S149_L001_R2_001.fastq.gz,5af0f66cc12045c9ea407d9203bd635919d68df8bc346a6cc218c04d605faf46,
1,OSD88_2018-06_1_NPL022,OSD88_2018-06,OSD88_2018-06_NPL022_1,surface water sample from the Atlantic Ocean,water,https://www.ncbi.nlm.nih.gov/Taxonomy/Browser/wwwtax.cgi?id=408172,metagenome,SAMEA7392458,PRJEB40760,NovaSeq 6000,WGS,METAGENOMIC,RANDOM,paired,"PCR-plus, single index",376,CRC_ATOSDA_3_1_HYLGGDSXX.12BA015_clean.fastq.gz,714a21b0fa473078fa2ac79cf767a14d,CRC_ATOSDA_3_2_HYLGGDSXX.12BA015_clean.fastq.gz,e839177b72e2781e94cfc14174115372,Md5
1,OSD88_2018-06_1_NPL022,OSD88_2018-06,OSD88_2018-06_NPL022_1,surface water sample from the Atlantic Ocean,water,https://www.ncbi.nlm.nih.gov/Taxonomy/Browser/wwwtax.cgi?id=408172,16S,SAMEA7392458,PRJEB40757,Illumina_MiSeq,AMPLICON,METAGENOMIC,PCR,paired,"Two-step PCR, Nextera XT CDI",460,OSD88-2018_S53_L001_R1_001.fastq.gz,06ef5b57973fb93765b3323f8781e55b9e0d8ed739c5bf39537c4ec69d7f687c,OSD88-2018_S53_L001_R2_001.fastq.gz,41995a90692b1dc86f155a6cd2ab4070fbcf80e3faab0d8f833bc018b74d6120,SHA-256
1,OSD91_2018-06_1_NPL022,OSD91_2018-06,OSD91_2018-06_NPL022_1,surface water sample from the Atlantic Ocean,water,https://www.ncbi.nlm.nih.gov/Taxonomy/Browser/wwwtax.cgi?id=408172,18S,SAMEA7392457,PRJEB40759,Illumina_MiSeq,AMPLICON,METAGENOMIC,PCR,paired,"Two-step PCR, Nextera XT CDI",180,OSD91-2018_S156_L001_R1_001.fastq.gz,389db22d1b7ff0580d32be3515039a5472c810452fc62f7bf11ce12cfce5605e,OSD91-2018_S156_L001_R2_001.fastq.gz,aa4753990d19b6a44f5954d5172a57a75b124b16448b7e169d14d7c8d89b18f3,
1,OSD91_2018-06_1_NPL022,OSD91_2018-06,OSD91_2018-06_NPL022_1,surface water sample from the Atlantic Ocean,water,https://www.ncbi.nlm.nih.gov/Taxonomy/Browser/wwwtax.cgi?id=408172,metagenome,SAMEA7392457,PRJEB40760,NovaSeq 6000,WGS,METAGENOMIC,RANDOM,paired,"PCR-plus, single index",376,CRC_AUOSDA_3_1_HYLGGDSXX.12BA027_clean.fastq.gz,615cf3313f5d48ec7ee1c328d7fbeb66,CRC_AUOSDA_3_2_HYLGGDSXX.12BA027_clean.fastq.gz,a5f7cce644e4f63cb9416141546c0477,Md5
1,OSD91_2018-06_1_NPL022,OSD91_2018-06,OSD91_2018-06_NPL022_1,surface water sample from the Atlantic Ocean,water,https://www.ncbi.nlm.nih.gov/Taxonomy/Browser/wwwtax.cgi?id=408172,16S,SAMEA7392457,PRJEB40757,Illumina_MiSeq,AMPLICON,METAGENOMIC,PCR,paired,"Two-step PCR, Nextera XT CDI",460,OSD91-2018_S60_L001_R1_001.fastq.gz,98c0095b79eb442cf0f7f07af4f77521c0cae5e0832f160307cbc35a0d19bda7,OSD91-2018_S60_L001_R2_001.fastq.gz,be41071399f5f3d7af023398b26bbd7dcada785427bab0aae9079549b691d2b1,SHA-256
1,OSD93_2018-06_1_NPL022,OSD93_2018-06,OSD93_2018-06_NPL022_1,surface water sample from the Atlantic Ocean,water,https://www.ncbi.nlm.nih.gov/Taxonomy/Browser/wwwtax.cgi?id=408172,18S,SAMEA7392456,PRJEB40759,Illumina_MiSeq,AMPLICON,METAGENOMIC,PCR,paired,"Two-step PCR, Nextera XT CDI",180,OSD93-2018_S159_L001_R1_001.fastq.gz,27661ec53dd4937aad9ef93c07908eb455ba4c1be73c3f814877385c9250f480,OSD93-2018_S159_L001_R2_001.fastq.gz,273823357561cc8bfb2474f2673693cccfb57a19b2efb044d53919e4f46bd156,
1,OSD93_2018-06_1_NPL022,OSD93_2018-06,OSD93_2018-06_NPL022_1,surface water sample from the Atlantic Ocean,water,https://www.ncbi.nlm.nih.gov/Taxonomy/Browser/wwwtax.cgi?id=408172,metagenome,SAMEA7392456,PRJEB40760,NovaSeq 6000,WGS,METAGENOMIC,RANDOM,paired,"PCR-plus, single index",376,CRC_AVOSDA_3_1_HYLGGDSXX.12BA039_clean.fastq.gz,e4f96d8cb102bf9f53042eeb7eb4e1aa,CRC_AVOSDA_3_2_HYLGGDSXX.12BA039_clean.fastq.gz,a728b09159e01ceeb3cbe530de740109,Md5
1,OSD93_2018-06_1_NPL022,OSD93_2018-06,OSD93_2018-06_NPL022_1,surface water sample from the Atlantic Ocean,water,https://www.ncbi.nlm.nih.gov/Taxonomy/Browser/wwwtax.cgi?id=408172,16S,SAMEA7392456,PRJEB40757,Illumina_MiSeq,AMPLICON,METAGENOMIC,PCR,paired,"Two-step PCR, Nextera XT CDI",460,OSD93-2018_S63_L001_R1_001.fastq.gz,4e6f1ebf9e63f0615f47bd10f6ad5feafa7b7474361b8e9278e1c835b40990c2,OSD93-2018_S63_L001_R2_001.fastq.gz,c40ded118f94a74c25528ee2691758f34ec5b09142f8f76aeca44072ec177f37,SHA-256
1,OSD99_2018-06_1_NPL022,OSD99_2018-06,OSD99_2018-06_NPL022_1,surface water sample from the Adriatic Sea,water,https://www.ncbi.nlm.nih.gov/Taxonomy/Browser/wwwtax.cgi?id=408172,18S,SAMEA7392455,PRJEB40759,Illumina_MiSeq,AMPLICON,METAGENOMIC,PCR,paired,"Two-step PCR, Nextera XT CDI",180,OSD99-2018_S160_L001_R1_001.fastq.gz,a264b7d1501d4b716990ecd0569f39233e1d6352974518695860bc353bed9a47,OSD99-2018_S160_L001_R2_001.fastq.gz,b9a1d129462b30f660e41bfadfea9cd5c60eda6698a231a1cebf8e647f10ec3e,
1,OSD100_2018-06_1_NPL022,OSD100_2018-06,OSD100_2018-06_NPL022_1,surface water sample from the Cretan Sea,water,https://www.ncbi.nlm.nih.gov/Taxonomy/Browser/wwwtax.cgi?id=408172,18S,SAMEA7392454,PRJEB40759,Illumina_MiSeq,AMPLICON,METAGENOMIC,PCR,paired,"Two-step PCR, Nextera XT CDI",180,OSD100-2018_S161_L001_R1_001.fastq.gz,d4892d61e23e37ea31810d1f28357e2aeffc119c0c0e627d4267a3c3304ed3bb,OSD100-2018_S161_L001_R2_001.fastq.gz,20834a39d887fbabdc2a7bde20d8a2b2756ec265b32212a3c759d1ee1ade99c1,
1,OSD100_2018-06_1_NPL022,OSD100_2018-06,OSD100_2018-06_NPL022_1,surface water sample from the Cretan Sea,water,https://www.ncbi.nlm.nih.gov/Taxonomy/Browser/wwwtax.cgi?id=408172,metagenome,SAMEA7392454,PRJEB40760,NovaSeq 6000,WGS,METAGENOMIC,RANDOM,paired,"PCR-plus, single index",376,CRC_AWOSDA_3_1_HYLGGDSXX.12BA051_clean.fastq.gz,ad1e4a1363d9fa4f4de0aaa14aec8f52,CRC_AWOSDA_3_2_HYLGGDSXX.12BA051_clean.fastq.gz,c179fc760b31042ee2741c41212bcaa5,Md5
1,OSD100_2018-06_1_NPL022,OSD100_2018-06,OSD100_2018-06_NPL022_1,surface water sample from the Cretan Sea,water,https://www.ncbi.nlm.nih.gov/Taxonomy/Browser/wwwtax.cgi?id=408172,16S,SAMEA7392454,PRJEB40757,Illumina_MiSeq,AMPLICON,METAGENOMIC,PCR,paired,"Two-step PCR, Nextera XT CDI",460,OSD100-2018_S65_L001_R1_001.fastq.gz,574a3522fca05fcabb2452198ddd31851aac88bee475802dbd5ca1489e8af5a7,OSD100-2018_S65_L001_R2_001.fastq.gz,83e98c6dab2e9c460f3e175468b2ff9e3babc4b432e93f144a0cbbcc6e9895d4,SHA-256
1,OSD122_2018-06_1_NPL022,OSD122_2018-06,OSD122_2018-06_NPL022_1,surface water sample from the Gulf of Aqaba,water,https://www.ncbi.nlm.nih.gov/Taxonomy/Browser/wwwtax.cgi?id=408172,18S,SAMEA7392453,PRJEB40759,Illumina_MiSeq,AMPLICON,METAGENOMIC,PCR,paired,"Two-step PCR, Nextera XT CDI",180,OSD122-2018_S162_L001_R1_001.fastq.gz,3556f9c7967d839a955fe8c2b4b75a62cdd3bee9e67398ba4066a2ab5e17da48,OSD122-2018_S162_L001_R2_001.fastq.gz,956f9df8f821f1f03580c217a82eacf659eef14180bfd335b252658e743a7d4d,
1,OSD122_2018-06_1_NPL022,OSD122_2018-06,OSD122_2018-06_NPL022_1,surface water sample from the Gulf of Aqaba,water,https://www.ncbi.nlm.nih.gov/Taxonomy/Browser/wwwtax.cgi?id=408172,metagenome,SAMEA7392453,PRJEB40760,NovaSeq 6000,WGS,METAGENOMIC,RANDOM,paired,"PCR-plus, single index",376,CRC_AXOSDA_3_1_HYLGGDSXX.12BA063_clean.fastq.gz,fe170217571c74c9df728d98396c681f,CRC_AXOSDA_3_2_HYLGGDSXX.12BA063_clean.fastq.gz,94802f86f7f85852bd43ec233d42a763,Md5
1,OSD122_2018-06_1_NPL022,OSD122_2018-06,OSD122_2018-06_NPL022_1,surface water sample from the Gulf of Aqaba,water,https://www.ncbi.nlm.nih.gov/Taxonomy/Browser/wwwtax.cgi?id=408172,16S,SAMEA7392453,PRJEB40757,Illumina_MiSeq,AMPLICON,METAGENOMIC,PCR,paired,"Two-step PCR, Nextera XT CDI",460,OSD122-2018_S66_L001_R1_001.fastq.gz,9f1ad630c0d5b1e49e8570cad4c17477abf015eb62a8b63c479b1cc3af20dd3e,OSD122-2018_S66_L001_R2_001.fastq.gz,c4918941a3bb0b209decbf09e6688c6463c37a7e4cac954fabb473dd4ff73a02,SHA-256
1,OSD141_2018-06_1_NPL022,OSD141_2018-06,OSD141_2018-06_NPL022_1,surface water sample from the Coastal Northern Atlantic Water,water,https://www.ncbi.nlm.nih.gov/Taxonomy/Browser/wwwtax.cgi?id=408172,18S,SAMEA7392452,PRJEB40759,Illumina_MiSeq,AMPLICON,METAGENOMIC,PCR,paired,"Two-step PCR, Nextera XT CDI",180,OSD141-2018_S163_L001_R1_001.fastq.gz,3e923bd92a5ea535aa92d626dd398ab684969ae223c360974d205fc1b1cccf66,OSD141-2018_S163_L001_R2_001.fastq.gz,f6e6aae7b761d6a8b06448f6ee65eb51649c2c0f39243e3ed7b81a6e8eaac8d5,
1,OSD141_2018-06_1_NPL022,OSD141_2018-06,OSD141_2018-06_NPL022_1,surface water sample from the Coastal Northern Atlantic Water,water,https://www.ncbi.nlm.nih.gov/Taxonomy/Browser/wwwtax.cgi?id=408172,metagenome,SAMEA7392452,PRJEB40760,NovaSeq 6000,WGS,METAGENOMIC,RANDOM,paired,"PCR-plus, single index",376,CRC_AYOSDA_3_1_HYLGGDSXX.12BA075_clean.fastq.gz,8938a0d83f23159b43220195817b571c,CRC_AYOSDA_3_2_HYLGGDSXX.12BA075_clean.fastq.gz,3646335dafeb766e8725ec3004052980,Md5
1,OSD141_2018-06_1_NPL022,OSD141_2018-06,OSD141_2018-06_NPL022_1,surface water sample from the Coastal Northern Atlantic Water,water,https://www.ncbi.nlm.nih.gov/Taxonomy/Browser/wwwtax.cgi?id=408172,16S,SAMEA7392452,PRJEB40757,Illumina_MiSeq,AMPLICON,METAGENOMIC,PCR,paired,"Two-step PCR, Nextera XT CDI",460,OSD141-2018_S67_L001_R1_001.fastq.gz,a6dc6a072b371c4debb5136fd450f8ff69ce8d5ae97e326c06df1de4a56cb37c,OSD141-2018_S67_L001_R2_001.fastq.gz,095c2893902b7220abdf08b0ba73275cdc43f7bebc8652a234c8670374d42526,SHA-256
1,OSD152_2018-06_1_NPL022,OSD152_2018-06,OSD152_2018-06_NPL022_1,surface water sample from the Bedford Basin,water,https://www.ncbi.nlm.nih.gov/Taxonomy/Browser/wwwtax.cgi?id=408172,18S,SAMEA7392451,PRJEB40759,Illumina_MiSeq,AMPLICON,METAGENOMIC,PCR,paired,"Two-step PCR, Nextera XT CDI",180,OSD152-2018_S164_L001_R1_001.fastq.gz,2a838c818fef653b503905e5aaa7f6311cb9ef087084b8b4cbaec8f30fed83f7,OSD152-2018_S164_L001_R2_001.fastq.gz,5e0179c2b7d75128b7d2ec0912dd874d744bce2c7d7cda59f73440d4281d932f,
1,OSD152_2018-06_1_NPL022,OSD152_2018-06,OSD152_2018-06_NPL022_1,surface water sample from the Bedford Basin,water,https://www.ncbi.nlm.nih.gov/Taxonomy/Browser/wwwtax.cgi?id=408172,metagenome,SAMEA7392451,PRJEB40760,NovaSeq 6000,WGS,METAGENOMIC,RANDOM,paired,"PCR-plus, single index",376,CRC_AZOSDA_3_1_HYLGGDSXX.12BA087_clean.fastq.gz,86360872b7aa388f462e5ecd8e427d91,CRC_AZOSDA_3_2_HYLGGDSXX.12BA087_clean.fastq.gz,1d5bf815a8d1aaf2eb3fb6908c7920d1,Md5
1,OSD152_2018-06_1_NPL022,OSD152_2018-06,OSD152_2018-06_NPL022_1,surface water sample from the Bedford Basin,water,https://www.ncbi.nlm.nih.gov/Taxonomy/Browser/wwwtax.cgi?id=408172,16S,SAMEA7392451,PRJEB40757,Illumina_MiSeq,AMPLICON,METAGENOMIC,PCR,paired,"Two-step PCR, Nextera XT CDI",460,OSD152-2018_S68_L001_R1_001.fastq.gz,0ef93a10804615501a425e0e00ecf173c0127c3d8e77648aa9c321600d697d44,OSD152-2018_S68_L001_R2_001.fastq.gz,38a184d9ad289887e7f5b691f5ce82237361ecea0db3aaf58446ed8482e01c60,SHA-256
1,OSD153_2018-06_1_NPL022,OSD153_2018-06,OSD153_2018-06_NPL022_1,surface water sample from the Cadiz Gulf,water,https://www.ncbi.nlm.nih.gov/Taxonomy/Browser/wwwtax.cgi?id=408172,18S,SAMEA7392450,PRJEB40759,Illumina_MiSeq,AMPLICON,METAGENOMIC,PCR,paired,"Two-step PCR, Nextera XT CDI",180,OSD153-2018_S165_L001_R1_001.fastq.gz,c832edc682a965ddc24905ae8793bc229efe9f53f25de76c37ba63a7c4bc2fc3,OSD153-2018_S165_L001_R2_001.fastq.gz,86b372647591b7ab830a34acc2eae45042edba9db66f668638de2c4227250bbd,
1,OSD153_2018-06_1_NPL022,OSD153_2018-06,OSD153_2018-06_NPL022_1,surface water sample from the Cadiz Gulf,water,https://www.ncbi.nlm.nih.gov/Taxonomy/Browser/wwwtax.cgi?id=408172,metagenome,SAMEA7392450,PRJEB40760,NovaSeq 6000,WGS,METAGENOMIC,RANDOM,paired,"PCR-plus, single index",376,CRC_BAOSDA_3_1_HYLGGDSXX.12BA004_clean.fastq.gz,ff7b6fc237ca657f45aea0620db9139e,CRC_BAOSDA_3_2_HYLGGDSXX.12BA004_clean.fastq.gz,0f55adce7f5279cbd41ad4bbf7ac7428,Md5
1,OSD153_2018-06_1_NPL022,OSD153_2018-06,OSD153_2018-06_NPL022_1,surface water sample from the Cadiz Gulf,water,https://www.ncbi.nlm.nih.gov/Taxonomy/Browser/wwwtax.cgi?id=408172,16S,SAMEA7392450,PRJEB40757,Illumina_MiSeq,AMPLICON,METAGENOMIC,PCR,paired,"Two-step PCR, Nextera XT CDI",460,OSD153-2018_S69_L001_R1_001.fastq.gz,d941438aa22b8db739a4e7243bb46652ec2dcbd9351223b1a996f045652c9d4a,OSD153-2018_S69_L001_R2_001.fastq.gz,891a7a7d1bb05ee2303783ac13fcd422d101b5188610048d5375c303d6d5fac9,SHA-256
1,OSD159_2018-06_1_NPL022,OSD159_2018-06,OSD159_2018-06_NPL022_1,surface water sample from the Atlantic Ocean,water,https://www.ncbi.nlm.nih.gov/Taxonomy/Browser/wwwtax.cgi?id=408172,18S,SAMEA7392449,PRJEB40759,Illumina_MiSeq,AMPLICON,METAGENOMIC,PCR,paired,"Two-step PCR, Nextera XT CDI",180,OSD159-2018_S172_L001_R1_001.fastq.gz,c17ad398b1248e7086b5b0ed06b67aba8e84b80207356e7f99d2805f5c871aba,OSD159-2018_S172_L001_R2_001.fastq.gz,3e179fc4c531d15a6ed9faab8f8f3e1e870ef6640d28490c6fa1c429b4e09b6c,
1,OSD159_2018-06_1_NPL022,OSD159_2018-06,OSD159_2018-06_NPL022_1,surface water sample from the Atlantic Ocean,water,https://www.ncbi.nlm.nih.gov/Taxonomy/Browser/wwwtax.cgi?id=408172,metagenome,SAMEA7392449,PRJEB40760,NovaSeq 6000,WGS,METAGENOMIC,RANDOM,paired,"PCR-plus, single index",376,CRC_BBOSDA_3_1_HYLGGDSXX.12BA016_clean.fastq.gz,d0625b38a0c54bd33ea2dac48e4ab8ac,CRC_BBOSDA_3_2_HYLGGDSXX.12BA016_clean.fastq.gz,8d854103af4f63928a617490d0bc3c2d,Md5
1,OSD159_2018-06_1_NPL022,OSD159_2018-06,OSD159_2018-06_NPL022_1,surface water sample from the Atlantic Ocean,water,https://www.ncbi.nlm.nih.gov/Taxonomy/Browser/wwwtax.cgi?id=408172,16S,SAMEA7392449,PRJEB40757,Illumina_MiSeq,AMPLICON,METAGENOMIC,PCR,paired,"Two-step PCR, Nextera XT CDI",460,OSD159-2018_S76_L001_R1_001.fastq.gz,4a25045be36ada82b0f93c711fbcef5ce5da63b6d0aaec121dca39bf478a0b88,OSD159-2018_S76_L001_R2_001.fastq.gz,595117a0e6f02be9c000d8aad018f3a43d7ce9e042cea3de8ab61809e3cbc6bc,SHA-256
1,OSD170_2018-06_1_NPL022,OSD170_2018-06,OSD170_2018-06_NPL022_1,surface water sample from the North Sea,water,https://www.ncbi.nlm.nih.gov/Taxonomy/Browser/wwwtax.cgi?id=408172,18S,SAMEA7392448,PRJEB40759,Illumina_MiSeq,AMPLICON,METAGENOMIC,PCR,paired,"Two-step PCR, Nextera XT CDI",180,OSD170-2018_S175_L001_R1_001.fastq.gz,08a44e7f3743bbf840aef590460b04fbbf5c8b77ad616065cbada10a1af2cf3a,OSD170-2018_S175_L001_R2_001.fastq.gz,bdbb8b5771507598e4e66a64c04e1de906ebe9ba6658e7fbbddf630eae75c333,
1,OSD170_2018-06_1_NPL022,OSD170_2018-06,OSD170_2018-06_NPL022_1,surface water sample from the North Sea,water,https://www.ncbi.nlm.nih.gov/Taxonomy/Browser/wwwtax.cgi?id=408172,metagenome,SAMEA7392448,PRJEB40760,NovaSeq 6000,WGS,METAGENOMIC,RANDOM,paired,"PCR-plus, single index",376,CRC_BCOSDA_3_1_HYLGGDSXX.12BA028_clean.fastq.gz,098ef4004e18cf6ccf2f197e4fa5c4fc,CRC_BCOSDA_3_2_HYLGGDSXX.12BA028_clean.fastq.gz,b94f07acd2da42467cbf0f612b7ea75c,Md5
1,OSD170_2018-06_1_NPL022,OSD170_2018-06,OSD170_2018-06_NPL022_1,surface water sample from the North Sea,water,https://www.ncbi.nlm.nih.gov/Taxonomy/Browser/wwwtax.cgi?id=408172,16S,SAMEA7392448,PRJEB40757,Illumina_MiSeq,AMPLICON,METAGENOMIC,PCR,paired,"Two-step PCR, Nextera XT CDI",460,OSD170-2018_S79_L001_R1_001.fastq.gz,061eeaa3cdcca2529a65d2c6caa2129e6a01177905f4d39ef3037dceeeb9ff30,OSD170-2018_S79_L001_R2_001.fastq.gz,7b9cf2e2d54ec176498043506110bede7a981f2e914190f63fddefc72325e4f4,SHA-256
1,OSD171_2018-06_1_NPL022,OSD171_2018-06,OSD171_2018-06_NPL022_1,surface water sample from the North Sea,water,https://www.ncbi.nlm.nih.gov/Taxonomy/Browser/wwwtax.cgi?id=408172,18S,SAMEA7392447,PRJEB40759,Illumina_MiSeq,AMPLICON,METAGENOMIC,PCR,paired,"Two-step PCR, Nextera XT CDI",180,OSD171-2018_S176_L001_R1_001.fastq.gz,cb411c52138ba4dbb05046707fa0d64e2d1f86a38f5d8b32839c477d09849ab5,OSD171-2018_S176_L001_R2_001.fastq.gz,192cc7253656defc0023a6efaa4087b5a66877b9917e2a850115ad6b6d800fd3,
1,OSD171_2018-06_1_NPL022,OSD171_2018-06,OSD171_2018-06_NPL022_1,surface water sample from the North Sea,water,https://www.ncbi.nlm.nih.gov/Taxonomy/Browser/wwwtax.cgi?id=408172,metagenome,SAMEA7392447,PRJEB40760,NovaSeq 6000,WGS,METAGENOMIC,RANDOM,paired,"PCR-plus, single index",376,CRC_BDOSDA_3_1_HYLGGDSXX.12BA040_clean.fastq.gz,7b02d236d65b0fa655fdf4e6d9426c12,CRC_BDOSDA_3_2_HYLGGDSXX.12BA040_clean.fastq.gz,94a209b42d9253755699b1d294efd0ba,Md5
1,OSD171_2018-06_1_NPL022,OSD171_2018-06,OSD171_2018-06_NPL022_1,surface water sample from the North Sea,water,https://www.ncbi.nlm.nih.gov/Taxonomy/Browser/wwwtax.cgi?id=408172,16S,SAMEA7392447,PRJEB40757,Illumina_MiSeq,AMPLICON,METAGENOMIC,PCR,paired,"Two-step PCR, Nextera XT CDI",460,OSD171-2018_S80_L001_R1_001.fastq.gz,350f25acc25ffed5b18eb86e4665c8ad7abaee3deef6ceb1f9cc91f57cc06391,OSD171-2018_S80_L001_R2_001.fastq.gz,9c3c9ed1be2a0a86c28b0ab1f00fb3587ffba9efb8e69c40fe22bc2b07ec79ac,SHA-256
1,OSD175_2018-06_1_NPL022,OSD175_2018-06,OSD175_2018-06_NPL022_1,surface water sample from the North Sea,water,https://www.ncbi.nlm.nih.gov/Taxonomy/Browser/wwwtax.cgi?id=408172,18S,SAMEA7392446,PRJEB40759,Illumina_MiSeq,AMPLICON,METAGENOMIC,PCR,paired,"Two-step PCR, Nextera XT CDI",180,OSD175-2018_S273_L001_R1_001.fastq.gz,aac4c3bd6e90d5262b5f366e672c2842bd717eac693c73d87cb5fa3ddc4af078,OSD175-2018_S273_L001_R2_001.fastq.gz,bf918d58d48e1ac8bc38444779cc8812c1227258935acab904b9bccbd49f11da,
1,OSD175_2018-06_1_NPL022,OSD175_2018-06,OSD175_2018-06_NPL022_1,surface water sample from the North Sea,water,https://www.ncbi.nlm.nih.gov/Taxonomy/Browser/wwwtax.cgi?id=408172,metagenome,SAMEA7392446,PRJEB40760,NovaSeq 6000,WGS,METAGENOMIC,RANDOM,paired,"PCR-plus, single index",376,CRC_BEOSDA_3_1_HYLGGDSXX.12BA052_clean.fastq.gz,b8e2c30d6eadbdfd1245359629f3773f,CRC_BEOSDA_3_2_HYLGGDSXX.12BA052_clean.fastq.gz,1df12f041ee8efa4d04db9cd9e53cebb,Md5
1,OSD175_2018-06_1_NPL022,OSD175_2018-06,OSD175_2018-06_NPL022_1,surface water sample from the North Sea,water,https://www.ncbi.nlm.nih.gov/Taxonomy/Browser/wwwtax.cgi?id=408172,16S,SAMEA7392446,PRJEB40757,Illumina_MiSeq,AMPLICON,METAGENOMIC,PCR,paired,"Two-step PCR, Nextera XT CDI",460,OSD175-2018_S81_L001_R1_001.fastq.gz,c4c2f0d996290abfd464e9265f04741d8f842b0124696e2809bcee6849508924,OSD175-2018_S81_L001_R2_001.fastq.gz,f7de91204398575f6ada641849b37cab0e8c1601165946ed336ed5145ad9baf6,SHA-256
1,OSD176_2018-06_1_NPL022,OSD176_2018-06,OSD176_2018-06_NPL022_1,surface water sample from the North Sea,water,https://www.ncbi.nlm.nih.gov/Taxonomy/Browser/wwwtax.cgi?id=408172,18S,SAMEA7392445,PRJEB40759,Illumina_MiSeq,AMPLICON,METAGENOMIC,PCR,paired,"Two-step PCR, Nextera XT CDI",180,OSD176-2018_S274_L001_R1_001.fastq.gz,9230e589dba06429cf1a6dbad471d8333aee28a8279fc6e88e8c2f01a3de47ce,OSD176-2018_S274_L001_R2_001.fastq.gz,64ba5436ec977fab838d035f6c5582bb11ffe775ae1a5ec9c180daad179d3093,
1,OSD176_2018-06_1_NPL022,OSD176_2018-06,OSD176_2018-06_NPL022_1,surface water sample from the North Sea,water,https://www.ncbi.nlm.nih.gov/Taxonomy/Browser/wwwtax.cgi?id=408172,metagenome,SAMEA7392445,PRJEB40760,NovaSeq 6000,WGS,METAGENOMIC,RANDOM,paired,"PCR-plus, single index",376,CRC_BFOSDA_3_1_HYLGGDSXX.12BA064_clean.fastq.gz,67e15ed00b8e1e7c443e5be0d737d78e,CRC_BFOSDA_3_2_HYLGGDSXX.12BA064_clean.fastq.gz,be74ab550d79ec7fd719a4810bea3a99,Md5
1,OSD176_2018-06_1_NPL022,OSD176_2018-06,OSD176_2018-06_NPL022_1,surface water sample from the North Sea,water,https://www.ncbi.nlm.nih.gov/Taxonomy/Browser/wwwtax.cgi?id=408172,16S,SAMEA7392445,PRJEB40757,Illumina_MiSeq,AMPLICON,METAGENOMIC,PCR,paired,"Two-step PCR, Nextera XT CDI",460,OSD176-2018_S82_L001_R1_001.fastq.gz,0c46e1b8e885337369629e7f7241b65e44536e654dfbba9bb55952b232f6e6eb,OSD176-2018_S82_L001_R2_001.fastq.gz,2c9daba675f557728203a0cdd3845b62967d8d90ab04d9d9364a15c8e571d59e,SHA-256
1,OSD177_2018-06_1_NPL022,OSD177_2018-06,OSD177_2018-06_NPL022_1,surface water sample from the North Sea,water,https://www.ncbi.nlm.nih.gov/Taxonomy/Browser/wwwtax.cgi?id=408172,18S,SAMEA7392444,PRJEB40759,Illumina_MiSeq,AMPLICON,METAGENOMIC,PCR,paired,"Two-step PCR, Nextera XT CDI",180,OSD177-2018_S275_L001_R1_001.fastq.gz,545559dc45b4bc0fa8735b690a1002afd70227748039548f35ec40006cec867d,OSD177-2018_S275_L001_R2_001.fastq.gz,36def175fdc105a8a5f672b07853b554f81cb5dc5a733bbc60acc58a07f7734a,
1,OSD177_2018-06_1_NPL022,OSD177_2018-06,OSD177_2018-06_NPL022_1,surface water sample from the North Sea,water,https://www.ncbi.nlm.nih.gov/Taxonomy/Browser/wwwtax.cgi?id=408172,metagenome,SAMEA7392444,PRJEB40760,NovaSeq 6000,WGS,METAGENOMIC,RANDOM,paired,"PCR-plus, single index",376,CRC_BGOSDA_3_1_HYLGGDSXX.12BA076_clean.fastq.gz,d5d2e70f95926fbb2334c208ae85f39e,CRC_BGOSDA_3_2_HYLGGDSXX.12BA076_clean.fastq.gz,7a2f37755e13840a89bbabdc5fe9fe23,Md5
1,OSD177_2018-06_1_NPL022,OSD177_2018-06,OSD177_2018-06_NPL022_1,surface water sample from the North Sea,water,https://www.ncbi.nlm.nih.gov/Taxonomy/Browser/wwwtax.cgi?id=408172,16S,SAMEA7392444,PRJEB40757,Illumina_MiSeq,AMPLICON,METAGENOMIC,PCR,paired,"Two-step PCR, Nextera XT CDI",460,OSD177-2018_S83_L001_R1_001.fastq.gz,db9a5cddad138f84d0fe95133c30ff56532316f25a4c69aff24fecdc72bb450f,OSD177-2018_S83_L001_R2_001.fastq.gz,6a7618f8bb102687d3aeae5c5bdb03eee46b1ad4e146bf091f49dd5e86822839,SHA-256
1,OSD178_2018-06_1_NPL022,OSD178_2018-06,OSD178_2018-06_NPL022_1,surface water sample from the North Sea,water,https://www.ncbi.nlm.nih.gov/Taxonomy/Browser/wwwtax.cgi?id=408172,18S,SAMEA7392443,PRJEB40759,Illumina_MiSeq,AMPLICON,METAGENOMIC,PCR,paired,"Two-step PCR, Nextera XT CDI",180,OSD178-2018_S276_L001_R1_001.fastq.gz,69775e5c5b66494a51775472071b362176cde52d13b7514491d442b9b4a992e2,OSD178-2018_S276_L001_R2_001.fastq.gz,071250597c5ccc10245aabb6bbbad3cf48f7023f9b5c89d348ed57355fa65f1c,
1,OSD178_2018-06_1_NPL022,OSD178_2018-06,OSD178_2018-06_NPL022_1,surface water sample from the North Sea,water,https://www.ncbi.nlm.nih.gov/Taxonomy/Browser/wwwtax.cgi?id=408172,metagenome,SAMEA7392443,PRJEB40760,NovaSeq 6000,WGS,METAGENOMIC,RANDOM,paired,"PCR-plus, single index",376,CRC_BHOSDA_3_1_HYLGGDSXX.12BA088_clean.fastq.gz,e6ced27870af9ddcd0c03381c986f9be,CRC_BHOSDA_3_2_HYLGGDSXX.12BA088_clean.fastq.gz,2a4dbb12cedf98acdd3614219eed05b5,Md5
1,OSD178_2018-06_1_NPL022,OSD178_2018-06,OSD178_2018-06_NPL022_1,surface water sample from the North Sea,water,https://www.ncbi.nlm.nih.gov/Taxonomy/Browser/wwwtax.cgi?id=408172,16S,SAMEA7392443,PRJEB40757,Illumina_MiSeq,AMPLICON,METAGENOMIC,PCR,paired,"Two-step PCR, Nextera XT CDI",460,OSD178-2018_S84_L001_R1_001.fastq.gz,786499b4e70f16a71c43540fdfbe0ddc7178a9e21fd94429d20669315d85c0ab,OSD178-2018_S84_L001_R2_001.fastq.gz,d5483c19296c501b1699c6300b48ac65625826fe8d47cb29ead0f99ac4639455,SHA-256
1,OSD179_2018-06_1_NPL022,OSD179_2018-06,OSD179_2018-06_NPL022_1,surface water sample from the North Sea,water,https://www.ncbi.nlm.nih.gov/Taxonomy/Browser/wwwtax.cgi?id=408172,18S,SAMEA7392442,PRJEB40759,Illumina_MiSeq,AMPLICON,METAGENOMIC,PCR,paired,"Two-step PCR, Nextera XT CDI",180,OSD179-2018_S277_L001_R1_001.fastq.gz,7bbf731328952e046e39b0db6db8e02efe0f4934f0df9dca0cf0ccb606cba104,OSD179-2018_S277_L001_R2_001.fastq.gz,84c47ccfd294f0052d9e1471cc682ad0697327962602cdf285dd4af322524dfc,
1,OSD179_2018-06_1_NPL022,OSD179_2018-06,OSD179_2018-06_NPL022_1,surface water sample from the North Sea,water,https://www.ncbi.nlm.nih.gov/Taxonomy/Browser/wwwtax.cgi?id=408172,metagenome,SAMEA7392442,PRJEB40760,NovaSeq 6000,WGS,METAGENOMIC,RANDOM,paired,"PCR-plus, single index",376,CRC_BIOSDA_4_1_HYLGGDSXX.12BA114_clean.fastq.gz,325dc4401acbe3ee397993ddab79d8c1,CRC_BIOSDA_4_2_HYLGGDSXX.12BA114_clean.fastq.gz,3d0cdd9c9ca2a0d9db89db15f2e9b212,Md5
1,OSD179_2018-06_1_NPL022,OSD179_2018-06,OSD179_2018-06_NPL022_1,surface water sample from the North Sea,water,https://www.ncbi.nlm.nih.gov/Taxonomy/Browser/wwwtax.cgi?id=408172,16S,SAMEA7392442,PRJEB40757,Illumina_MiSeq,AMPLICON,METAGENOMIC,PCR,paired,"Two-step PCR, Nextera XT CDI",460,OSD179-2018_S85_L001_R1_001.fastq.gz,fea62bfa3ea84c9cfa3f9f80e75e6a7ce1d971240d3988108304773f47b346f0,OSD179-2018_S85_L001_R2_001.fastq.gz,314a4ce8b703ec6619c786e9d770e9cd137a7834d6925597dbffcc70b5fa9c16,SHA-256
1,OSD180_2018-06_1_NPL022,OSD180_2018-06,OSD180_2018-06_NPL022_1,surface water sample from the North Sea,water,https://www.ncbi.nlm.nih.gov/Taxonomy/Browser/wwwtax.cgi?id=408172,18S,SAMEA7392441,PRJEB40759,Illumina_MiSeq,AMPLICON,METAGENOMIC,PCR,paired,"Two-step PCR, Nextera XT CDI",180,OSD180-2018_S284_L001_R1_001.fastq.gz,6f9b1d93b9d348c26ab9ea97e2404087aefbf7a2625e234c09b950d2af9f5829,OSD180-2018_S284_L001_R2_001.fastq.gz,4e93934538291498e7cac3af21c01dde781226feca46f4c3dc15d81c82c47afc,
1,OSD180_2018-06_1_NPL022,OSD180_2018-06,OSD180_2018-06_NPL022_1,surface water sample from the North Sea,water,https://www.ncbi.nlm.nih.gov/Taxonomy/Browser/wwwtax.cgi?id=408172,16S,SAMEA7392441,PRJEB40757,Illumina_MiSeq,AMPLICON,METAGENOMIC,PCR,paired,"Two-step PCR, Nextera XT CDI",460,OSD180-2018_S92_L001_R1_001.fastq.gz,c5b7bb8a5f8854689ab8a4a5e026d221018ce6efab8c3ae53a5b7ac2192e2f3d,OSD180-2018_S92_L001_R2_001.fastq.gz,8c65f82a2a4a5d1c78f79dc5a25962d6f8e2bcea2d3dec45873682ad634cd5d6,SHA-256
1,OSD182_2018-06_1_NPL022,OSD182_2018-06,OSD182_2018-06_NPL022_1,surface water sample from the North Sea,water,https://www.ncbi.nlm.nih.gov/Taxonomy/Browser/wwwtax.cgi?id=408172,18S,SAMEA7392440,PRJEB40759,Illumina_MiSeq,AMPLICON,METAGENOMIC,PCR,paired,"Two-step PCR, Nextera XT CDI",180,OSD-182-2018_S287_L001_R1_001.fastq.gz,bbeb0c96efaff2425a9dba96b7bdfd4eac7aa26af571de24e207c433244dd03f,OSD-182-2018_S287_L001_R2_001.fastq.gz,f399ac1cb453954d1c35e2bec9e8d1f8c46453c35c79a41da0d570ae56fc6508,
1,OSD182_2018-06_1_NPL022,OSD182_2018-06,OSD182_2018-06_NPL022_1,surface water sample from the North Sea,water,https://www.ncbi.nlm.nih.gov/Taxonomy/Browser/wwwtax.cgi?id=408172,metagenome,SAMEA7392440,PRJEB40760,NovaSeq 6000,WGS,METAGENOMIC,RANDOM,paired,"PCR-plus, single index",376,CRC_BJOSDA_3_1_HYLGGDSXX.12BA005_clean.fastq.gz,61a8d15b9c10d7e6b959f76684b85cf3,CRC_BJOSDA_3_2_HYLGGDSXX.12BA005_clean.fastq.gz,bb38959fa7728f9f6e131058475f872f,Md5
1,OSD182_2018-06_1_NPL022,OSD182_2018-06,OSD182_2018-06_NPL022_1,surface water sample from the North Sea,water,https://www.ncbi.nlm.nih.gov/Taxonomy/Browser/wwwtax.cgi?id=408172,16S,SAMEA7392440,PRJEB40757,Illumina_MiSeq,AMPLICON,METAGENOMIC,PCR,paired,"Two-step PCR, Nextera XT CDI",460,OSD182-2018_S95_L001_R1_001.fastq.gz,8612e55bc93ad696efdce14a4c952e01b921721ca5c36213a06bcb8cc3b4a309,OSD182-2018_S95_L001_R2_001.fastq.gz,2ffadc7cc1370d65c1f6cd9f635af8e29ef10cc62a2973c69307087a50a6e5c6,SHA-256
1,OSD183_2018-06_1_NPL022,OSD183_2018-06,OSD183_2018-06_NPL022_1,surface water sample from the North Sea,water,https://www.ncbi.nlm.nih.gov/Taxonomy/Browser/wwwtax.cgi?id=408172,18S,SAMEA7392439,PRJEB40759,Illumina_MiSeq,AMPLICON,METAGENOMIC,PCR,paired,"Two-step PCR, Nextera XT CDI",180,OSD183-2018_S288_L001_R1_001.fastq.gz,3815cbf1cfb79f340bb858a160a14136415f5f21e3112d3455fdf128205f8671,OSD183-2018_S288_L001_R2_001.fastq.gz,cf4410223c666f795b7409b3c66f750c969c1a042d0a28227809333a322aa9cc,
1,OSD183_2018-06_1_NPL022,OSD183_2018-06,OSD183_2018-06_NPL022_1,surface water sample from the North Sea,water,https://www.ncbi.nlm.nih.gov/Taxonomy/Browser/wwwtax.cgi?id=408172,metagenome,SAMEA7392439,PRJEB40760,NovaSeq 6000,WGS,METAGENOMIC,RANDOM,paired,"PCR-plus, single index",376,CRC_BKOSDA_3_1_HYLGGDSXX.12BA017_clean.fastq.gz,fbeadce2241bd6cd121d72c3bc55a0b3,CRC_BKOSDA_3_2_HYLGGDSXX.12BA017_clean.fastq.gz,5ddd296b3bc4f8aeca00a3b5e25cbd30,Md5
1,OSD183_2018-06_1_NPL022,OSD183_2018-06,OSD183_2018-06_NPL022_1,surface water sample from the North Sea,water,https://www.ncbi.nlm.nih.gov/Taxonomy/Browser/wwwtax.cgi?id=408172,16S,SAMEA7392439,PRJEB40757,Illumina_MiSeq,AMPLICON,METAGENOMIC,PCR,paired,"Two-step PCR, Nextera XT CDI",460,OSD183-2018_S96_L001_R1_001.fastq.gz,865b332b1be8b441c5897d08df7250c42a92cff1b1698089183b473e4ef1d3fa,OSD183-2018_S96_L001_R2_001.fastq.gz,83456b1cb7f8c5dbd73d6dbf29af54af93f888db3225634c3a3c84f57ad9b13b,SHA-256
1,OSD184_2018-06_1_NPL022,OSD184_2018-06,OSD184_2018-06_NPL022_1,surface water sample from the North Sea,water,https://www.ncbi.nlm.nih.gov/Taxonomy/Browser/wwwtax.cgi?id=408172,18S,SAMEA7392438,PRJEB40759,Illumina_MiSeq,AMPLICON,METAGENOMIC,PCR,paired,"Two-step PCR, Nextera XT CDI",180,OSD184-2018_S337_L001_R1_001.fastq.gz,49e9938319f89849e24201e3b9fd16026c74d5815628f76804cb2872720ed5a3,OSD184-2018_S337_L001_R2_001.fastq.gz,6eaf5d036e0b2dc4f58a7eb06ff2d042ffb1142fac6b1b9188e8ec2c794fdaee,cf4410223c666f795b7409b3c66f750c969c1a042d0a28227809333a322aa9cc
1,OSD184_2018-06_1_NPL022,OSD184_2018-06,OSD184_2018-06_NPL022_1,surface water sample from the North Sea,water,https://www.ncbi.nlm.nih.gov/Taxonomy/Browser/wwwtax.cgi?id=408172,16S,SAMEA7392438,PRJEB40757,Illumina_MiSeq,AMPLICON,METAGENOMIC,PCR,paired,"Two-step PCR, Nextera XT CDI",460,OSD184-2018_S177_L001_R1_001.fastq.gz,b023fa99cb09e0c5fa377f4de468844a0f5fcada22ad0f8f9a3cd89acb5f3dea,OSD184-2018_S177_L001_R2_001.fastq.gz,8ff046bd8061d5ebdc3fdcc2e0ed8f6f40443a53050ab8bebfeaea1c91f52f12,SHA-256
1,OSD185_2018-06_1_NPL022,OSD185_2018-06,OSD185_2018-06_NPL022_1,surface water sample from the North Sea,water,https://www.ncbi.nlm.nih.gov/Taxonomy/Browser/wwwtax.cgi?id=408172,18S,SAMEA7392437,PRJEB40759,Illumina_MiSeq,AMPLICON,METAGENOMIC,PCR,paired,"Two-step PCR, Nextera XT CDI",180,OSD185-2018_S338_L001_R1_001.fastq.gz,f9cf2b7198fa3201cc686278c4567c63c89c393f0122c4a9d3034236c005ea8c,OSD185-2018_S338_L001_R2_001.fastq.gz,3e8bcfdb51b782508c43cf37769e440af7f5d00dff7194d4939254c74292d51c,
1,OSD185_2018-06_1_NPL022,OSD185_2018-06,OSD185_2018-06_NPL022_1,surface water sample from the North Sea,water,https://www.ncbi.nlm.nih.gov/Taxonomy/Browser/wwwtax.cgi?id=408172,metagenome,SAMEA7392437,PRJEB40760,NovaSeq 6000,WGS,METAGENOMIC,RANDOM,paired,"PCR-plus, single index",376,CRC_BLOSDA_3_1_HYLGGDSXX.12BA029_clean.fastq.gz,9b4e00db53b7d2fb39fc3c0094bab35d,CRC_BLOSDA_3_2_HYLGGDSXX.12BA029_clean.fastq.gz,ee8fc82705afcb78e4657bc548596dd9,Md5
1,OSD185_2018-06_1_NPL022,OSD185_2018-06,OSD185_2018-06_NPL022_1,surface water sample from the North Sea,water,https://www.ncbi.nlm.nih.gov/Taxonomy/Browser/wwwtax.cgi?id=408172,16S,SAMEA7392437,PRJEB40757,Illumina_MiSeq,AMPLICON,METAGENOMIC,PCR,paired,"Two-step PCR, Nextera XT CDI",460,OSD185-2018_S178_L001_R1_001.fastq.gz,c7398aa8af9c8ecc93453f7c49357ed6c734769133dd3dc4b5e5c3fa4ec4dfe7,OSD185-2018_S178_L001_R2_001.fastq.gz,1fb1145aef33cf42523fa4d62bc03cd1b479a411d343c6de292171d8875f181e,SHA-256
1,OSD210_2018-06_1_NPL022,OSD210_2018-06,OSD210_2018-06_NPL022_1,surface water sample from the Coastal Lagoon in Languedoc-Roussillon,water,https://www.ncbi.nlm.nih.gov/Taxonomy/Browser/wwwtax.cgi?id=408172,18S,SAMEA7392436,PRJEB40759,Illumina_MiSeq,AMPLICON,METAGENOMIC,PCR,paired,"Two-step PCR, Nextera XT CDI",180,OSD210-2018_S339_L001_R1_001.fastq.gz,709e98a922ef60998dc23474f9bb9cbb9fa8cd459d1ab41a659b971eba75d087,OSD210-2018_S339_L001_R2_001.fastq.gz,5aafa06fe9016f9bb2c2dbff0a9bea63643ec1cf5f155205f17293c688a06264,
1,OSD210_2018-06_1_NPL022,OSD210_2018-06,OSD210_2018-06_NPL022_1,surface water sample from the Coastal Lagoon in Languedoc-Roussillon,water,https://www.ncbi.nlm.nih.gov/Taxonomy/Browser/wwwtax.cgi?id=408172,metagenome,SAMEA7392436,PRJEB40760,NovaSeq 6000,WGS,METAGENOMIC,RANDOM,paired,"PCR-plus, single index",376,CRC_BMOSDA_3_1_HYLGGDSXX.12BA041_clean.fastq.gz,648ac4edd47281cede147739a867243e,CRC_BMOSDA_3_2_HYLGGDSXX.12BA041_clean.fastq.gz,f8db61b29665ec0ed1b33375cc598b18,Md5
1,OSD210_2018-06_1_NPL022,OSD210_2018-06,OSD210_2018-06_NPL022_1,surface water sample from the Coastal Lagoon in Languedoc-Roussillon,water,https://www.ncbi.nlm.nih.gov/Taxonomy/Browser/wwwtax.cgi?id=408172,16S,SAMEA7392436,PRJEB40757,Illumina_MiSeq,AMPLICON,METAGENOMIC,PCR,paired,"Two-step PCR, Nextera XT CDI",460,OSD210-2018_S179_L001_R1_001.fastq.gz,5f12d466e35853a828195c94eacc380a3958ae6015b817e61ea5155223c16867,OSD210-2018_S179_L001_R2_001.fastq.gz,0b6a03dce8d7d400bcf040f948a87fef0096f0b58430575aba189219d9be4d66,SHA-256
1,OSD211_2018-06_1_NPL022,OSD211_2018-06,OSD211_2018-06_NPL022_1,surface water sample from the Coastal Lagoon in Languedoc-Roussillon,water,https://www.ncbi.nlm.nih.gov/Taxonomy/Browser/wwwtax.cgi?id=408172,18S,SAMEA7392435,PRJEB40759,Illumina_MiSeq,AMPLICON,METAGENOMIC,PCR,paired,"Two-step PCR, Nextera XT CDI",180,OSD211-2018_S340_L001_R1_001.fastq.gz,40adfd597ab2e4570b0f08779d894ad7f84534ae27c1be81dacf92bf83e30c52,OSD211-2018_S340_L001_R2_001.fastq.gz,1e2ac4227ac24b790c47a7b915b8afe6d8d10424092c42597afda449d34155c0,
1,OSD211_2018-06_1_NPL022,OSD211_2018-06,OSD211_2018-06_NPL022_1,surface water sample from the Coastal Lagoon in Languedoc-Roussillon,water,https://www.ncbi.nlm.nih.gov/Taxonomy/Browser/wwwtax.cgi?id=408172,metagenome,SAMEA7392435,PRJEB40760,NovaSeq 6000,WGS,METAGENOMIC,RANDOM,paired,"PCR-plus, single index",376,CRC_BNOSDA_3_1_HYLGGDSXX.12BA053_clean.fastq.gz,cbb12fa22e5344d0a40c3d3beddd63be,CRC_BNOSDA_3_2_HYLGGDSXX.12BA053_clean.fastq.gz,31068964036a5b43efe8d264cf3b1e21,Md5
1,OSD211_2018-06_1_NPL022,OSD211_2018-06,OSD211_2018-06_NPL022_1,surface water sample from the Coastal Lagoon in Languedoc-Roussillon,water,https://www.ncbi.nlm.nih.gov/Taxonomy/Browser/wwwtax.cgi?id=408172,16S,SAMEA7392435,PRJEB40757,Illumina_MiSeq,AMPLICON,METAGENOMIC,PCR,paired,"Two-step PCR, Nextera XT CDI",460,OSD211-2018_S180_L001_R1_001.fastq.gz,ebd42c3dd1616abc1ddaa56842acafd3f935b69c18450f7e7b6a78d0d0c9cc62,OSD211-2018_S180_L001_R2_001.fastq.gz,1be93033fe51255008ad08c216452833ef07ca146c0c21322aa8687bf05969ed,SHA-256
1,OSD212_2018-06_1_NPL022,OSD212_2018-06,OSD212_2018-06_NPL022_1,surface water sample from the Baltic Sea,water,https://www.ncbi.nlm.nih.gov/Taxonomy/Browser/wwwtax.cgi?id=408172,18S,SAMEA7392434,PRJEB40759,Illumina_MiSeq,AMPLICON,METAGENOMIC,PCR,paired,"Two-step PCR, Nextera XT CDI",180,OSD212-2018_S341_L001_R1_001.fastq.gz,bcbc820157cba74e85254e004d630c51f3cb069b60864f2b43178a411a22f7f1,OSD212-2018_S341_L001_R2_001.fastq.gz,d74657a4cc8e983472cfa4d9bc6535be07879d518a5711ce8f5f5f6be4b42c2f,
1,OSD212_2018-06_1_NPL022,OSD212_2018-06,OSD212_2018-06_NPL022_1,surface water sample from the Baltic Sea,water,https://www.ncbi.nlm.nih.gov/Taxonomy/Browser/wwwtax.cgi?id=408172,metagenome,SAMEA7392434,PRJEB40760,NovaSeq 6000,WGS,METAGENOMIC,RANDOM,paired,"PCR-plus, single index",376,CRC_BOOSDA_2_1_HYLGGDSXX.12BA065_clean.fastq.gz,d4d961ba19d30f6e7a8f3518ae1d458e,CRC_BOOSDA_2_2_HYLGGDSXX.12BA065_clean.fastq.gz,ddcfa2d15a5cb05b07d8c7d713b45e05,Md5
1,OSD212_2018-06_1_NPL022,OSD212_2018-06,OSD212_2018-06_NPL022_1,surface water sample from the Baltic Sea,water,https://www.ncbi.nlm.nih.gov/Taxonomy/Browser/wwwtax.cgi?id=408172,16S,SAMEA7392434,PRJEB40757,Illumina_MiSeq,AMPLICON,METAGENOMIC,PCR,paired,"Two-step PCR, Nextera XT CDI",460,OSD212-2018_S181_L001_R1_001.fastq.gz,41c5a390f7b77a6153f779542e16f166be20c85d2f7b543f74a2d1d3824c3b2e,OSD212-2018_S181_L001_R2_001.fastq.gz,a61f75381459824601fd9cf62d41c56b0233253a21a9eb52c8dc2870ee0a937b,SHA-256
1,OSD214_2018-06_1_NPL022,OSD214_2018-06,OSD214_2018-06_NPL022_1,surface water sample from the Mediterranean Sea,water,https://www.ncbi.nlm.nih.gov/Taxonomy/Browser/wwwtax.cgi?id=408172,18S,SAMEA7392433,PRJEB40759,Illumina_MiSeq,AMPLICON,METAGENOMIC,PCR,paired,"Two-step PCR, Nextera XT CDI",180,OSD214-2018_S348_L001_R1_001.fastq.gz,34a24a4e73a309e43d2f12be67ec326686e9558bdf61ada06d54200a0177dbff,OSD214-2018_S348_L001_R2_001.fastq.gz,6b38611a037fe8d897ae349088184a0ebe821db1349bf0156ba27aa4d11fa8b3,
1,OSD214_2018-06_1_NPL022,OSD214_2018-06,OSD214_2018-06_NPL022_1,surface water sample from the Mediterranean Sea,water,https://www.ncbi.nlm.nih.gov/Taxonomy/Browser/wwwtax.cgi?id=408172,metagenome,SAMEA7392433,PRJEB40760,NovaSeq 6000,WGS,METAGENOMIC,RANDOM,paired,"PCR-plus, single index",376,CRC_BPOSDA_2_1_HYLGGDSXX.12BA077_clean.fastq.gz,05768d01d8e4a0ef139fd1c17a91097a,CRC_BPOSDA_2_2_HYLGGDSXX.12BA077_clean.fastq.gz,47ad0e42a7472c4fd869f58d19e39709,Md5
1,OSD214_2018-06_1_NPL022,OSD214_2018-06,OSD214_2018-06_NPL022_1,surface water sample from the Mediterranean Sea,water,https://www.ncbi.nlm.nih.gov/Taxonomy/Browser/wwwtax.cgi?id=408172,16S,SAMEA7392433,PRJEB40757,Illumina_MiSeq,AMPLICON,METAGENOMIC,PCR,paired,"Two-step PCR, Nextera XT CDI",460,OSD214-2018_S188_L001_R1_001.fastq.gz,4c0727fb25ce3f522de52d0abff8957e91ddd98f51f3854427b74d0519e2fbd7,OSD214-2018_S188_L001_R2_001.fastq.gz,1923e60dafdfeec3e5f789964c32ed99d8870cdad709c7c24c9cb592e381484b,SHA-256
1,OSD216_2018-06_1_NPL022,OSD216_2018-06,OSD216_2018-06_NPL022_1,surface water sample from the Adriatic Sea,water,https://www.ncbi.nlm.nih.gov/Taxonomy/Browser/wwwtax.cgi?id=408172,18S,SAMEA7392432,PRJEB40759,Illumina_MiSeq,AMPLICON,METAGENOMIC,PCR,paired,"Two-step PCR, Nextera XT CDI",180,OSD216-2018_S351_L001_R1_001.fastq.gz,37fd2c2fc2dc8c10bfa1f65afba21d6e14b6d27e54a24dd0fa7c985b84224713,OSD216-2018_S351_L001_R2_001.fastq.gz,0129e1d0cf119543fb00bded2057dfa42e84821b5dd17f69c28dcd5f18068406,
1,OSD216_2018-06_1_NPL022,OSD216_2018-06,OSD216_2018-06_NPL022_1,surface water sample from the Adriatic Sea,water,https://www.ncbi.nlm.nih.gov/Taxonomy/Browser/wwwtax.cgi?id=408172,metagenome,SAMEA7392432,PRJEB40760,NovaSeq 6000,WGS,METAGENOMIC,RANDOM,paired,"PCR-plus, single index",376,CRC_BQOSDA_4_1_HYLGGDSXX.12BA089_clean.fastq.gz,464327f21192a3bc72d78d69568f4325,CRC_BQOSDA_4_2_HYLGGDSXX.12BA089_clean.fastq.gz,8d6539a76f8f0f59d2ce8d50db381de8,Md5
1,OSD216_2018-06_1_NPL022,OSD216_2018-06,OSD216_2018-06_NPL022_1,surface water sample from the Adriatic Sea,water,https://www.ncbi.nlm.nih.gov/Taxonomy/Browser/wwwtax.cgi?id=408172,16S,SAMEA7392432,PRJEB40757,Illumina_MiSeq,AMPLICON,METAGENOMIC,PCR,paired,"Two-step PCR, Nextera XT CDI",460,OSD216-2018_S191_L001_R1_001.fastq.gz,46ad9fe88be97d9b02f71e3247ba187699332499b92580a0d48e03d313966cf7,OSD216-2018_S191_L001_R2_001.fastq.gz,4b9326b8aa05efd754534e108def41e04955cf0c99473ccc2ff4976a120694d8,SHA-256
1,OSD217_2018-06_1_NPL022,OSD217_2018-06,OSD217_2018-06_NPL022_1,surface water sample from the Northwest Atlantic Ocean,water,https://www.ncbi.nlm.nih.gov/Taxonomy/Browser/wwwtax.cgi?id=408172,18S,SAMEA7392431,PRJEB40759,Illumina_MiSeq,AMPLICON,METAGENOMIC,PCR,paired,"Two-step PCR, Nextera XT CDI",180,OSD217-2018_S352_L001_R1_001.fastq.gz,7e02403e046a61a585a7184379c2e865e82c3d3c8f806cef35442b629c9653cc,OSD217-2018_S352_L001_R2_001.fastq.gz,59bc393c3d8bfef0866ade838719a1acfc2a96107c4605c22825d98a16bd5742,
1,OSD217_2018-06_1_NPL022,OSD217_2018-06,OSD217_2018-06_NPL022_1,surface water sample from the Northwest Atlantic Ocean,water,https://www.ncbi.nlm.nih.gov/Taxonomy/Browser/wwwtax.cgi?id=408172,metagenome,SAMEA7392431,PRJEB40760,NovaSeq 6000,WGS,METAGENOMIC,RANDOM,paired,"PCR-plus, single index",376,CRC_BROSDA_2_1_HYLGGDSXX.12BA006_clean.fastq.gz,7c0adae693269d5b94aae91e6a46e4a9,CRC_BROSDA_2_2_HYLGGDSXX.12BA006_clean.fastq.gz,3758da022f76ac870492e0ba6539f521,Md5
1,OSD217_2018-06_1_NPL022,OSD217_2018-06,OSD217_2018-06_NPL022_1,surface water sample from the Northwest Atlantic Ocean,water,https://www.ncbi.nlm.nih.gov/Taxonomy/Browser/wwwtax.cgi?id=408172,16S,SAMEA7392431,PRJEB40757,Illumina_MiSeq,AMPLICON,METAGENOMIC,PCR,paired,"Two-step PCR, Nextera XT CDI",460,OSD217-2018_S192_L001_R1_001.fastq.gz,bd54536a04eddca7e985813348f57e240c91f81d920766a611f38e18dc3c4170,OSD217-2018_S192_L001_R2_001.fastq.gz,464398da48e7b5ab0bceabf2205ec04d5d6da9925d5bfcc1cd8c613e3103ad5c,SHA-256
1,OSD218_2018-06_1_NPL022,OSD218_2018-06,OSD218_2018-06_NPL022_1,surface water sample from the Northwest Atlantic Ocean,water,https://www.ncbi.nlm.nih.gov/Taxonomy/Browser/wwwtax.cgi?id=408172,18S,SAMEA7392430,PRJEB40759,Illumina_MiSeq,AMPLICON,METAGENOMIC,PCR,paired,"Two-step PCR, Nextera XT CDI",180,OSD218-2018_S353_L001_R1_001.fastq.gz,5aa1766cab944b9455a821e22645f2ec5b6163bb50be1c8a39bb11b838336730,OSD218-2018_S353_L001_R2_001.fastq.gz,aacb8ad37c7444fdfa4b06184ba421e7af8b87bddf3aa858962a9609620dec48,
1,OSD218_2018-06_1_NPL022,OSD218_2018-06,OSD218_2018-06_NPL022_1,surface water sample from the Northwest Atlantic Ocean,water,https://www.ncbi.nlm.nih.gov/Taxonomy/Browser/wwwtax.cgi?id=408172,16S,SAMEA7392430,PRJEB40757,Illumina_MiSeq,AMPLICON,METAGENOMIC,PCR,paired,"Two-step PCR, Nextera XT CDI",460,OSD218-2018_S305_L001_R1_001.fastq.gz,de42e83bf45e996098d96e22e2608f0f7be7d66b050148ca86b0ce5539750698,OSD218-2018_S305_L001_R2_001.fastq.gz,084b7f7ac1e361d6781db39d31eed45b2dea7459996ac5de07edc1a274b8cbe2,SHA-256
1,OSD219_2018-06_1_NPL022,OSD219_2018-06,OSD219_2018-06_NPL022_1,surface water sample from the North Atlantic Ocean,water,https://www.ncbi.nlm.nih.gov/Taxonomy/Browser/wwwtax.cgi?id=408172,18S,SAMEA7392429,PRJEB40759,Illumina_MiSeq,AMPLICON,METAGENOMIC,PCR,paired,"Two-step PCR, Nextera XT CDI",180,OSD219-2018_S354_L001_R1_001.fastq.gz,8f07f6f98226cd11a639c75058b176e6bb72102e7a4e7927b27c3e4742eb335b,OSD219-2018_S354_L001_R2_001.fastq.gz,0058342f2045694aa03fb9920cc1991da5e01fea314ce3fa97884210dfea8939,
1,OSD219_2018-06_1_NPL022,OSD219_2018-06,OSD219_2018-06_NPL022_1,surface water sample from the North Atlantic Ocean,water,https://www.ncbi.nlm.nih.gov/Taxonomy/Browser/wwwtax.cgi?id=408172,metagenome,SAMEA7392429,PRJEB40760,NovaSeq 6000,WGS,METAGENOMIC,RANDOM,paired,"PCR-plus, single index",376,CRC_BSOSDA_2_1_HYLGGDSXX.12BA018_clean.fastq.gz,699026d90343e77fa6c20d06507cbdbb,CRC_BSOSDA_2_2_HYLGGDSXX.12BA018_clean.fastq.gz,dee795e528f01e596a5ead99342b1708,Md5
1,OSD219_2018-06_1_NPL022,OSD219_2018-06,OSD219_2018-06_NPL022_1,surface water sample from the North Atlantic Ocean,water,https://www.ncbi.nlm.nih.gov/Taxonomy/Browser/wwwtax.cgi?id=408172,16S,SAMEA7392429,PRJEB40757,Illumina_MiSeq,AMPLICON,METAGENOMIC,PCR,paired,"Two-step PCR, Nextera XT CDI",460,OSD219-2018_S306_L001_R1_001.fastq.gz,d878c16e7998c68efafd4ba1eae2660a9d7bbaf7b6528d7cbba441186cfc5834,OSD219-2018_S306_L001_R2_001.fastq.gz,9cdb91507cd90001e2ad8f9c72bd966bd3a7cc9f15b3e90f7e380eb9673dd0a7,SHA-256
1,OSD220_2018-06_1_NPL022,OSD220_2018-06,OSD220_2018-06_NPL022_1,surface water sample from the Atlantic Ocean,water,https://www.ncbi.nlm.nih.gov/Taxonomy/Browser/wwwtax.cgi?id=408172,18S,SAMEA7392428,PRJEB40759,Illumina_MiSeq,AMPLICON,METAGENOMIC,PCR,paired,"Two-step PCR, Nextera XT CDI",180,OSD220-2018_S355_L001_R1_001.fastq.gz,63dee7e76ce6efb1869ca352fec1f62f1b667b4e7eed92e0350b9e75f9e0a872,OSD220-2018_S355_L001_R2_001.fastq.gz,076c80ec9b74fb8e20688e1c42636b5a5f9d8beaf2ba471bbd49a01db23d7227,
1,OSD220_2018-06_1_NPL022,OSD220_2018-06,OSD220_2018-06_NPL022_1,surface water sample from the Atlantic Ocean,water,https://www.ncbi.nlm.nih.gov/Taxonomy/Browser/wwwtax.cgi?id=408172,metagenome,SAMEA7392428,PRJEB40760,NovaSeq 6000,WGS,METAGENOMIC,RANDOM,paired,"PCR-plus, single index",376,CRC_BTOSDA_2_1_HYLGGDSXX.12BA030_clean.fastq.gz,5355427d2ad7fd167dba76a7c3986f88,CRC_BTOSDA_2_2_HYLGGDSXX.12BA030_clean.fastq.gz,29c835a3757577c4aa42001e0deca1d8,Md5
1,OSD220_2018-06_1_NPL022,OSD220_2018-06,OSD220_2018-06_NPL022_1,surface water sample from the Atlantic Ocean,water,https://www.ncbi.nlm.nih.gov/Taxonomy/Browser/wwwtax.cgi?id=408172,16S,SAMEA7392428,PRJEB40757,Illumina_MiSeq,AMPLICON,METAGENOMIC,PCR,paired,"Two-step PCR, Nextera XT CDI",460,OSD220-2018_S307_L001_R1_001.fastq.gz,531949ce33a05cb69056f7622841398003fa33a98199ef04be16172012125279,OSD220-2018_S307_L001_R2_001.fastq.gz,5a3a8bf361dba955a68731f5720c9a1cf0a566adb80a80e916e76a47a7ebb545,SHA-256
1,OSD223_2018-06_1_NPL022,OSD223_2018-06,OSD223_2018-06_NPL022_1,surface water sample from the Baltic Sea,water,https://www.ncbi.nlm.nih.gov/Taxonomy/Browser/wwwtax.cgi?id=408172,metagenome,SAMEA7392427,PRJEB40760,NovaSeq 6000,WGS,METAGENOMIC,RANDOM,paired,"PCR-plus, single index",376,CRC_BUOSDA_2_1_HYLGGDSXX.12BA042_clean.fastq.gz,bab5adc23cdd4828477ff8ae4de1002d,CRC_BUOSDA_2_2_HYLGGDSXX.12BA042_clean.fastq.gz,f1763487c3afae562bddc404f7f70d1f,Md5
1,OSD223_2018-06_1_NPL022,OSD223_2018-06,OSD223_2018-06_NPL022_1,surface water sample from the Baltic Sea,water,https://www.ncbi.nlm.nih.gov/Taxonomy/Browser/wwwtax.cgi?id=408172,16S,SAMEA7392427,PRJEB40757,Illumina_MiSeq,AMPLICON,METAGENOMIC,PCR,paired,"Two-step PCR, Nextera XT CDI",460,OSD223-2018_S308_L001_R1_001.fastq.gz,e58624fa01ac577f055e23d7544a01cfdd63164bb5c6e15c347360c0a1c2f592,OSD223-2018_S308_L001_R2_001.fastq.gz,df9fbe4c84248a65825e9c08061592744286ad794f62e5383e991676b9faa238,SHA-256
1,OSD227_2018-06_1_NPL022,OSD227_2018-06,OSD227_2018-06_NPL022_1,surface water sample from the English Channel,water,https://www.ncbi.nlm.nih.gov/Taxonomy/Browser/wwwtax.cgi?id=408172,18S,SAMEA7392426,PRJEB40759,Illumina_MiSeq,AMPLICON,METAGENOMIC,PCR,paired,"Two-step PCR, Nextera XT CDI",180,OSD227-2018_S357_L001_R1_001.fastq.gz,93a6e8bfb9c90e8053c7f93efa12f0ba10fbd87bdd38959c497e323b4ad7d754,OSD227-2018_S357_L001_R2_001.fastq.gz,ea8f6a9e11154da42dbd8632c9e03656ab8b94bb74f81dd15fc3f151ede2487d,
1,OSD227_2018-06_1_NPL022,OSD227_2018-06,OSD227_2018-06_NPL022_1,surface water sample from the English Channel,water,https://www.ncbi.nlm.nih.gov/Taxonomy/Browser/wwwtax.cgi?id=408172,metagenome,SAMEA7392426,PRJEB40760,NovaSeq 6000,WGS,METAGENOMIC,RANDOM,paired,"PCR-plus, single index",376,CRC_BVOSDA_2_1_HYLGGDSXX.12BA054_clean.fastq.gz,0a01c3af37248aafe9622c5ec5ec5a65,CRC_BVOSDA_2_2_HYLGGDSXX.12BA054_clean.fastq.gz,f7e91d98421a3b21e995d0c1d2f867d5,Md5
1,OSD227_2018-06_1_NPL022,OSD227_2018-06,OSD227_2018-06_NPL022_1,surface water sample from the English Channel,water,https://www.ncbi.nlm.nih.gov/Taxonomy/Browser/wwwtax.cgi?id=408172,16S,SAMEA7392426,PRJEB40757,Illumina_MiSeq,AMPLICON,METAGENOMIC,PCR,paired,"Two-step PCR, Nextera XT CDI",460,OSD227-2018_S309_L001_R1_001.fastq.gz,483633022d8409cd930b4784b141220c0fa6945ef216f61d0e1960a0c21c3194,OSD227-2018_S309_L001_R2_001.fastq.gz,00739585e83cd8748885bc37dd7c7e40f0c7f2c14de8270cf191b2ce1556ebb3,SHA-256
1,OSD228_2018-06_1_NPL022,OSD228_2018-06,OSD228_2018-06_NPL022_1,surface water sample from the Cretan Sea,water,https://www.ncbi.nlm.nih.gov/Taxonomy/Browser/wwwtax.cgi?id=408172,18S,SAMEA7392425,PRJEB40759,Illumina_MiSeq,AMPLICON,METAGENOMIC,PCR,paired,"Two-step PCR, Nextera XT CDI",180,OSD228-2018b_S364_L001_R1_001.fastq.gz,85acd000b9797ed945c1b3ab58c347a3113d1fc88c7b478474c1673237b56428,OSD228-2018b_S364_L001_R2_001.fastq.gz,cb54b2198ba5e2d393433da330e02eda244388e06be1762f4860185e838e65d5,
1,OSD228_2018-06_1_NPL022,OSD228_2018-06,OSD228_2018-06_NPL022_1,surface water sample from the Cretan Sea,water,https://www.ncbi.nlm.nih.gov/Taxonomy/Browser/wwwtax.cgi?id=408172,16S,SAMEA7392425,PRJEB40757,Illumina_MiSeq,AMPLICON,METAGENOMIC,PCR,paired,"Two-step PCR, Nextera XT CDI",460,OSD228-2018_S316_L001_R1_001.fastq.gz,f8798afbcd034e6fd0ca40fbeb142b25f701c068e3c1f7bc5aef44f06f4a3a7d,OSD228-2018_S316_L001_R2_001.fastq.gz,d711fd4b1f2387850ce72a289ad62359fda4f249dd6c8036a49c90795dd58d7e,SHA-256
1,OSD229_2018-06_1_NPL022,OSD229_2018-06,OSD229_2018-06_NPL022_1,surface water sample from the Cretan Sea,water,https://www.ncbi.nlm.nih.gov/Taxonomy/Browser/wwwtax.cgi?id=408172,18S,SAMEA7392424,PRJEB40759,Illumina_MiSeq,AMPLICON,METAGENOMIC,PCR,paired,"Two-step PCR, Nextera XT CDI",180,OSD229-2018_S367_L001_R1_001.fastq.gz,31d6ebf4e786b128499129302ccf6d72830de1fe78050ea74d39596dba68c264,OSD229-2018_S367_L001_R2_001.fastq.gz,013f01429a4496d2105a4d05c9d88bba15112f446e188dd32ad02cc93453ea07,
1,OSD229_2018-06_1_NPL022,OSD229_2018-06,OSD229_2018-06_NPL022_1,surface water sample from the Cretan Sea,water,https://www.ncbi.nlm.nih.gov/Taxonomy/Browser/wwwtax.cgi?id=408172,metagenome,SAMEA7392424,PRJEB40760,NovaSeq 6000,WGS,METAGENOMIC,RANDOM,paired,"PCR-plus, single index",376,CRC_BWOSDA_4_1_HYLGGDSXX.12BA115_clean.fastq.gz,63a749f1e3c60361392219e3f3315345,CRC_BWOSDA_4_2_HYLGGDSXX.12BA115_clean.fastq.gz,64c756fd5767564e89afe3adf10cf016,Md5
1,OSD229_2018-06_1_NPL022,OSD229_2018-06,OSD229_2018-06_NPL022_1,surface water sample from the Cretan Sea,water,https://www.ncbi.nlm.nih.gov/Taxonomy/Browser/wwwtax.cgi?id=408172,16S,SAMEA7392424,PRJEB40757,Illumina_MiSeq,AMPLICON,METAGENOMIC,PCR,paired,"Two-step PCR, Nextera XT CDI",460,OSD229-2018_S319_L001_R1_001.fastq.gz,edd35c938b6ad993ef72835257fd4d6fb0375911a9b1442520a92c486d45ff1f,OSD229-2018_S319_L001_R2_001.fastq.gz,8f68a7657b96fad9f4d00c9efcafd4105b4ea5d47040bd30e6686efa6785bae8,SHA-256
1,OSD231_2018-06_1_NPL022,OSD231_2018-06,OSD231_2018-06_NPL022_1,surface water sample from the Mediterranean Sea,water,https://www.ncbi.nlm.nih.gov/Taxonomy/Browser/wwwtax.cgi?id=408172,metagenome,SAMEA7392423,PRJEB40760,NovaSeq 6000,WGS,METAGENOMIC,RANDOM,paired,"PCR-plus, single index",376,CRC_BXOSDA_2_1_HYLGGDSXX.12BA066_clean.fastq.gz,53e2511c97bfb2e2ac0555e4a84be8f2,CRC_BXOSDA_2_2_HYLGGDSXX.12BA066_clean.fastq.gz,532303fa5044c25ecfdc5a2c92173617,Md5
1,OSD231_2018-06_1_NPL022,OSD231_2018-06,OSD231_2018-06_NPL022_1,surface water sample from the Mediterranean Sea,water,https://www.ncbi.nlm.nih.gov/Taxonomy/Browser/wwwtax.cgi?id=408172,16S,SAMEA7392423,PRJEB40757,Illumina_MiSeq,AMPLICON,METAGENOMIC,PCR,paired,"Two-step PCR, Nextera XT CDI",460,OSD231-2018_S320_L001_R1_001.fastq.gz,618a17d1763ed2cf938ad9cb3a3b88915caee6cc343a96ffe1a77e05d74c881d,OSD231-2018_S320_L001_R2_001.fastq.gz,19c5ec7f1231dc903fd5a66b81c2c6f81f630d90ad6b4600183c0b81161fc262,SHA-256
1,OSD232_2018-06_1_NPL022,OSD232_2018-06,OSD232_2018-06_NPL022_1,surface water sample from the Tyrrhenian Sea,water,https://www.ncbi.nlm.nih.gov/Taxonomy/Browser/wwwtax.cgi?id=408172,18S,SAMEA7392422,PRJEB40759,Illumina_MiSeq,AMPLICON,METAGENOMIC,PCR,paired,"Two-step PCR, Nextera XT CDI",180,OSD232-2018_S369_L001_R1_001.fastq.gz,14e91bb525aa4edc0bd01c1e868cd27df043c2ff98fb00070a09e578030127ab,OSD232-2018_S369_L001_R2_001.fastq.gz,4f2d7d0ad8190a8772c2e2bca2890f72407fbd2c25852e4fd8dc444cb721c4b9,
1,OSD232_2018-06_1_NPL022,OSD232_2018-06,OSD232_2018-06_NPL022_1,surface water sample from the Tyrrhenian Sea,water,https://www.ncbi.nlm.nih.gov/Taxonomy/Browser/wwwtax.cgi?id=408172,metagenome,SAMEA7392422,PRJEB40760,NovaSeq 6000,WGS,METAGENOMIC,RANDOM,paired,"PCR-plus, single index",376,CRC_BYOSDA_2_1_HYLGGDSXX.12BA078_clean.fastq.gz,518fcc9626862daf3126210557856b90,CRC_BYOSDA_2_2_HYLGGDSXX.12BA078_clean.fastq.gz,feee69cad18c8206aabe9caaca78b268,Md5
1,OSD232_2018-06_1_NPL022,OSD232_2018-06,OSD232_2018-06_NPL022_1,surface water sample from the Tyrrhenian Sea,water,https://www.ncbi.nlm.nih.gov/Taxonomy/Browser/wwwtax.cgi?id=408172,16S,SAMEA7392422,PRJEB40757,Illumina_MiSeq,AMPLICON,METAGENOMIC,PCR,paired,"Two-step PCR, Nextera XT CDI",460,OSD232-2018_S321_L001_R1_001.fastq.gz,2b40773166a839261811da36caebe2003fcf2efa411c663be435b0d073dd77f1,OSD232-2018_S321_L001_R2_001.fastq.gz,8fc5475d2614a41ef2d612521e4d60c5f5f36a99a901ca1a7d95dc37d687363c,SHA-256
1,OSD233_2018-06_1_NPL022,OSD233_2018-06,OSD233_2018-06_NPL022_1,surface water sample from the Straits of Messina,water,https://www.ncbi.nlm.nih.gov/Taxonomy/Browser/wwwtax.cgi?id=408172,18S,SAMEA7392421,PRJEB40759,Illumina_MiSeq,AMPLICON,METAGENOMIC,PCR,paired,"Two-step PCR, Nextera XT CDI",180,OSD233-2018_S370_L001_R1_001.fastq.gz,44a7d2689f0275b2ec771369c67f753b79c3cc5752d18f6d4d14b4e9d60f6b9e,OSD233-2018_S370_L001_R2_001.fastq.gz,9da43ec6a2ff821701409fca029b353210d3ec756d38929e8e926f613a7dcb4f,
1,OSD233_2018-06_1_NPL022,OSD233_2018-06,OSD233_2018-06_NPL022_1,surface water sample from the Straits of Messina,water,https://www.ncbi.nlm.nih.gov/Taxonomy/Browser/wwwtax.cgi?id=408172,metagenome,SAMEA7392421,PRJEB40760,NovaSeq 6000,WGS,METAGENOMIC,RANDOM,paired,"PCR-plus, single index",376,CRC_BZOSDA_4_1_HYLGGDSXX.12BA116_clean.fastq.gz,84bb1dec06f4afaa653fafc0cbde5e3e,CRC_BZOSDA_4_2_HYLGGDSXX.12BA116_clean.fastq.gz,4cad418842ec141fea829ba811c081ee,Md5
1,OSD233_2018-06_1_NPL022,OSD233_2018-06,OSD233_2018-06_NPL022_1,surface water sample from the Straits of Messina,water,https://www.ncbi.nlm.nih.gov/Taxonomy/Browser/wwwtax.cgi?id=408172,16S,SAMEA7392421,PRJEB40757,Illumina_MiSeq,AMPLICON,METAGENOMIC,PCR,paired,"Two-step PCR, Nextera XT CDI",460,OSD233-2018_S322_L001_R1_001.fastq.gz,123186fa0f2ff3dadb6463a3d89e99af5ffa9e218f68a05740baf9d731ae96b8,OSD233-2018_S322_L001_R2_001.fastq.gz,9387510fa6d3652390daed32424f73c0386734aeaf938298e9d32ef1bd93d737,SHA-256
